Date,Close,High,Low,Open,Volume,Stock
,TCS.NS,TCS.NS,TCS.NS,TCS.NS,TCS.NS,
2015-01-02,1002.0488891601562,1006.5163385945237,990.8414750932031,990.9968267018456,925740,TCS
2015-01-05,986.8212280273438,1009.9936677016161,980.7609947721573,1002.6515459260207,1754242,TCS
2015-01-06,950.4401245117188,982.4892159620673,947.8761592587928,982.4892159620673,2423784,TCS
2015-01-07,939.2129516601562,963.0846442544066,935.2310957851746,959.5301474346047,2636332,TCS
2015-01-08,949.3526611328125,951.3727067110698,940.3206417653023,948.8087406956414,1565408,TCS
2015-01-09,975.9628295898438,978.915173815223,951.7608908261026,953.7032599910539,3197642,TCS
2015-01-12,974.95263671875,982.0617259342681,963.5121027486031,977.7885143103454,1596006,TCS
2015-01-13,970.368896484375,982.9942979690987,963.4541370834717,978.9542074308906,1468432,TCS
2015-01-14,979.7117919921875,983.5382980739671,971.3790453050545,977.4003911167836,1787096,TCS
2015-01-15,986.3740234375,1002.9423957568321,980.2166747723159,984.004294936402,5009920,TCS
2015-01-16,983.6738891601562,988.6658153987693,965.0854748408096,988.1607804931833,5293830,TCS
2015-01-19,975.4576416015625,990.9965924833078,972.3498514252135,985.1694859026534,1135074,TCS
2015-01-20,971.3594360351562,982.8388574693051,964.6777046682419,978.9541189022327,2058566,TCS
2015-01-21,976.5458984375,979.7313660676782,966.6203693964711,979.7313660676782,2310480,TCS
2015-01-22,976.4487915039062,979.4400221817764,969.4368171956859,977.5947707765752,2113214,TCS
2015-01-23,972.5835571289062,983.6356236058125,969.6700020905854,976.6236488451299,3150380,TCS
2015-01-27,973.92626953125,978.967055042852,969.0606281045957,977.935577073225,2738736,TCS
2015-01-28,988.5426025390625,990.6055583263004,974.257004337443,974.2959674788088,3121980,TCS
2015-01-29,990.5082397460938,999.869752113124,978.1495115049424,987.9197567257283,3734392,TCS
2015-01-30,966.1408081054688,1002.3216824520432,961.4503128763288,996.7553721605665,5817402,TCS
2015-02-02,978.6553955078125,981.4774668447102,958.3559824559078,966.1215252662053,3181802,TCS
2015-02-03,995.8020629882812,998.4295090647676,975.891898510394,977.6629157659421,2345054,TCS
2015-02-04,978.6943969726562,1001.037379798747,973.9455509227113,999.5971692388839,2245418,TCS
2015-02-05,993.52490234375,1008.8224962428149,980.52394795416,980.9131992236933,4530168,TCS
2015-02-06,1002.6138916015625,1010.0291468051987,992.9215736400498,993.7584258017233,2136416,TCS
2015-02-09,978.149658203125,1000.0256596246694,973.1283539097768,997.0673114159573,2076432,TCS
2015-02-10,950.2205200195312,983.3458348439086,947.0481607818821,977.0205029028048,3799054,TCS
2015-02-11,957.5194702148438,968.1655338994615,952.5954780723519,955.631657965054,2937522,TCS
2015-02-12,958.39501953125,965.2653617750425,952.4979005382863,965.2653617750425,3107980,TCS
2015-02-13,988.2113647460938,991.7146251233326,957.6551492335115,961.4503479755201,4158326,TCS
2015-02-16,1006.1365966796875,1010.1069402128447,994.5368910380803,996.4831471849259,2364392,TCS
2015-02-18,1025.93017578125,1028.7912109186482,998.5269216076665,1006.2341165415049,2660014,TCS
2015-02-19,1043.6024169921875,1046.0352380837044,1025.677372183477,1026.0666235581198,2618002,TCS
2015-02-20,1041.4609375,1050.5110267732246,1028.4988551474294,1050.5110267732246,1801588,TCS
2015-02-23,1049.6744384765625,1059.5419965527974,1039.6901810406032,1039.6901810406032,1614892,TCS
2015-02-24,1052.8272705078125,1062.6558641228685,1042.804051276617,1048.6428197608086,2199922,TCS
2015-02-25,1040.1572265625,1059.5419588498512,1038.464040554177,1054.8709436014315,1767994,TCS
2015-02-26,1034.0264892578125,1048.1563289835995,1021.9208321069946,1042.8041241656533,1991994,TCS
2015-02-27,1036.3232421875,1041.5391716229622,1018.3982007188866,1035.194356392145,2877376,TCS
2015-03-02,1039.0675048828125,1054.462414621796,1032.5086767226896,1043.0768127525753,2176038,TCS
2015-03-03,1080.56201171875,1086.0115319507609,1041.6952169083208,1043.9723758752475,3424308,TCS
2015-03-04,1068.8837890625,1094.6133312475743,1057.0699771975221,1085.2323393686272,3862994,TCS
2015-03-05,1049.5965576171875,1078.4984641291949,1043.6021261312198,1070.4409819261962,2173514,TCS
2015-03-09,1030.2705078125,1043.1158025573243,1015.9460389088276,1027.6235795859407,2883174,TCS
2015-03-10,1028.67431640625,1042.512218117439,1010.2043625760416,1031.0876552836555,3037052,TCS
2015-03-11,1014.6028442382812,1035.3888225563933,1011.1968958694493,1028.4017817661693,2240200,TCS
2015-03-12,1019.4686889648438,1021.7457521683053,1008.1998822538023,1021.356500848186,1827636,TCS
2015-03-13,1005.1829833984375,1027.60379793195,1002.3219487551934,1026.844777016,1586838,TCS
2015-03-16,997.378662109375,1015.9459308038613,993.3693545637755,1006.2924791982404,1556296,TCS
2015-03-17,1005.70849609375,1014.6612753820975,995.6074445552633,1005.2414135720721,1267318,TCS
2015-03-18,996.22998046875,1011.8388947479078,993.2521521170559,1008.5302599340389,1255170,TCS
2015-03-19,1010.5934448242188,1014.3302944192418,999.6360613746142,1002.7111078929946,2448964,TCS
2015-03-20,1016.3151245117188,1019.0593637298446,1003.8202214179623,1010.4958396648879,1963908,TCS
2015-03-23,1018.7289428710938,1024.1201110771553,1014.3888291398962,1018.2813419147999,1566608,TCS
2015-03-24,1008.6666259765625,1026.455386323584,1005.0855340409216,1023.7306279981138,2394878,TCS
2015-03-25,1001.835205078125,1017.502564769002,990.7220650984397,1008.7054502589544,2224858,TCS
2015-03-26,978.227294921875,1006.8761281611008,973.5173170703748,993.8751752142397,3091642,TCS
2015-03-27,978.8889770507812,1001.1151644662403,974.7240080457859,985.1948277438808,2751776,TCS
2015-03-30,998.0987548828125,1000.336950019271,980.9133467609175,982.8596034013161,1339006,TCS
2015-03-31,994.1280517578125,1000.161445166785,981.3022441303057,1000.161445166785,2427028,TCS
2015-04-01,989.729736328125,997.8846267294934,981.7890481707864,995.7047815327076,2075758,TCS
2015-04-06,991.5399169921875,997.6121806295587,973.1672734991186,995.7048871540898,1568542,TCS
2015-04-07,1006.2147827148438,1011.6643018475354,990.2554766833898,997.4371453911297,1886922,TCS
2015-04-08,1028.16845703125,1034.0461903099072,1008.4918777133432,1009.717981428157,1652134,TCS
2015-04-09,1037.1796875,1046.0935052633845,1025.7356409689432,1035.0193235347233,2544450,TCS
2015-04-10,1032.9757080078125,1039.6124621330316,1022.9524863474446,1030.9321385430774,1815544,TCS
2015-04-13,1033.656982421875,1037.354870327357,1022.9525700639005,1036.9656189688853,1308642,TCS
2015-04-15,1022.8548583984375,1056.388811842584,1015.7120607427318,1033.3451594125193,2913934,TCS
2015-04-16,1005.3580932617188,1022.5629785770103,1000.9011856961025,1022.5434970091528,3217570,TCS
2015-04-17,963.3381958007812,996.4828914630049,961.4502898100086,995.354101200325,9668742,TCS
2015-04-20,945.4132080078125,966.8608892601666,943.8756849784144,965.3623293584063,2890722,TCS
2015-04-21,944.732421875,954.4442231654799,934.5924061257411,945.4136116753832,2546032,TCS
2015-04-22,951.7579956054688,962.6180643436481,937.141596366108,946.4641421154794,4186812,TCS
2015-04-23,956.48779296875,965.2654291209326,946.5424028725623,962.2292498601079,4342990,TCS
2015-04-24,970.422607421875,978.5774000828279,952.711679934298,955.7283763744896,3625158,TCS
2015-04-27,973.2061157226562,980.9133107420412,967.6787660732994,972.9336588094175,2733052,TCS
2015-04-28,971.1818237304688,977.0205922098102,955.650737588236,977.0205922098102,3088298,TCS
2015-04-29,968.1845703125,971.1817856747083,954.0742137070057,966.9000222909721,2019620,TCS
2015-04-30,958.998046875,969.2353712078158,944.7515116909162,965.3428596768607,3738054,TCS
2015-05-04,965.9467163085938,974.9968102870652,956.4684078279907,969.6251225966554,1890630,TCS
2015-05-05,980.0763549804688,987.316371633459,973.1281817499545,973.5174330226545,3255070,TCS
2015-05-06,958.7457275390625,978.9673197700426,955.9236547484729,978.9673197700426,3394406,TCS
2015-05-07,990.7417602539062,994.0503959329783,955.1057887276091,959.465383792448,3205028,TCS
2015-05-08,983.7351684570312,1007.3821806179827,979.4728865060329,996.4831462063507,3003664,TCS
2015-05-11,994.9263305664062,997.670571259239,982.8595401722127,986.7520532025977,2573082,TCS
2015-05-12,982.0423583984375,998.4298810079315,978.1888073968545,996.4836239299433,2467386,TCS
2015-05-13,979.12255859375,991.4229361361722,965.5182463799157,991.4229361361722,1863774,TCS
2015-05-14,972.8362426757812,980.9132065791612,967.2894120433396,980.9132065791612,1309050,TCS
2015-05-15,977.4685668945312,985.740158736628,973.5177033921951,978.9672227234589,1461454,TCS
2015-05-18,981.0689086914062,982.9568154518529,971.9994297026823,978.6167016015761,4507752,TCS
2015-05-19,978.0714721679688,984.8055369408082,971.8629345284438,980.6794362040539,1957722,TCS
2015-05-20,995.334716796875,1000.3365372797074,979.706225403563,980.9129420355431,1897814,TCS
2015-05-21,994.73193359375,1004.2685927105753,991.8708978458711,995.3158106825352,1579578,TCS
2015-05-22,1019.0208129882812,1023.2442270786272,988.4062400796593,992.5906910320492,2691632,TCS
2015-05-25,1012.442626953125,1026.4167105503057,1006.4870630822837,1019.8384016213715,982978,TCS
2015-05-26,1015.4983520507812,1021.1035330893191,1007.7327121310574,1013.9996964443633,1961740,TCS
2015-05-27,1017.9895629882812,1024.957123934442,1008.9394693683681,1015.1674907842223,1620690,TCS
2015-05-28,1015.7514038085938,1021.0062970645494,1005.1443044586094,1013.5715582229257,2763608,TCS
2015-05-29,1016.0624389648438,1030.9707791161027,1010.9826917354524,1018.6704030307744,4423532,TCS
2015-06-01,1018.9625854492188,1030.387149059571,1015.3036612604468,1015.7317806690598,882264,TCS
2015-06-02,1012.0140380859375,1023.7305358435711,1008.355115248202,1018.2810196831872,3935820,TCS
2015-06-03,1016.2959594726562,1022.0180283601466,1008.3552726975797,1013.6101641013308,1804684,TCS
2015-06-04,1014.252685546875,1020.9284028462918,1007.5770632795209,1018.7096892814494,4131468,TCS
2015-06-05,1011.9738159179688,1024.99741275019,1009.675488987347,1018.3186254689507,2308534,TCS
2015-06-08,1012.6019897460938,1017.5325236674186,1006.3946292989314,1017.5325236674186,1570320,TCS
2015-06-09,1006.3949584960938,1017.5328565078468,1002.210933185914,1015.5685073640093,2578914,TCS
2015-06-10,1021.7568359375,1025.390884089926,1007.2403060144317,1008.1046009864943,2763350,TCS
2015-06-11,1010.1865234375,1026.569181198903,1004.4702464716016,1023.6226565685961,1847336,TCS
2015-06-12,984.4534912109375,1017.1205875718123,973.0602632243435,1010.4221360724541,2571456,TCS
2015-06-15,984.0607299804688,990.2091067068741,974.7104054169041,984.2571649674531,2525176,TCS
2015-06-16,986.8897094726562,989.7576804388683,979.9948199068843,982.1752681853666,1267396,TCS
2015-06-17,987.5965576171875,993.6270541552977,982.8821179397235,990.4252022405617,1975720,TCS
2015-06-18,993.9803466796875,1000.3644815077816,985.3175476221609,988.067636471186,2165046,TCS
2015-06-19,1001.6417236328125,1003.782845941049,992.8218113515826,995.9254459728216,1999610,TCS
2015-06-22,1018.1223754882812,1021.4617697354934,1000.6396644293468,1000.6396644293468,1102002,TCS
2015-06-23,1011.4829711914062,1024.604788630516,1008.5756761283473,1021.4618291561892,898318,TCS
2015-06-24,1009.7936401367188,1016.7080936284498,1005.2952984436907,1013.6044594250978,1170246,TCS
2015-06-25,1001.8179931640625,1010.8539985926011,999.5196664606123,1006.5324307789523,1930992,TCS
2015-06-26,1018.6331787109375,1020.0278861524181,1001.896881244191,1001.896881244191,1290102,TCS
2015-06-29,1018.6722412109375,1023.0331351069694,999.2251827670839,1010.4612993452862,1372756,TCS
2015-06-30,1002.1913452148438,1017.0418450323108,997.8894394522721,1015.5685830646155,1549952,TCS
2015-07-01,1018.7507934570312,1024.6045155516188,1004.4699367855067,1007.2789177008285,1279708,TCS
2015-07-02,1012.7205200195312,1022.620823639063,1010.0883105209815,1021.4618764623339,1445880,TCS
2015-07-03,1022.9938354492188,1025.3903800676833,1009.6755849708604,1010.8738572800927,963470,TCS
2015-07-06,1034.54443359375,1039.1409927149061,1013.7223267453984,1013.7223267453984,1182338,TCS
2015-07-07,1027.8458251953125,1039.8872486703885,1022.6402992769798,1034.328178225689,1642836,TCS
2015-07-08,1019.5369262695312,1029.9872102169725,1013.8009861795394,1020.6565481662985,2667850,TCS
2015-07-09,991.0142822265625,1020.7741759346545,984.7872561999898,1019.4973488118651,3934122,TCS
2015-07-10,972.0973510742188,1005.3537386464525,964.4952826795783,1005.3537386464525,8263654,TCS
2015-07-13,985.9268188476562,989.4823111382746,972.5102522793809,972.5102522793809,2280308,TCS
2015-07-14,981.9783325195312,988.067816077864,978.2460684031337,986.4963364499071,1703274,TCS
2015-07-15,1000.1485595703125,1001.7985939864242,982.1747614360331,982.5676313406075,2003660,TCS
2015-07-16,997.9683837890625,1005.2954670510926,992.6254091832662,999.3434288289817,1456608,TCS
2015-07-17,1007.4755859375,1009.7150212171421,999.1860881628272,1000.561132884814,1070526,TCS
2015-07-20,1015.4482421875,1017.3183851931499,1004.7195270498246,1009.4835087339333,853786,TCS
2015-07-21,1008.4595947265625,1023.7948409500914,1005.9792719639204,1014.2078609586014,1274500,TCS
2015-07-22,995.3294067382812,1011.451987311699,992.5734067728544,1008.3022730654967,1320628,TCS
2015-07-23,979.7973022460938,999.187728687476,977.5924640396355,991.1756054046647,1496780,TCS
2015-07-24,986.3132934570312,990.7819889989313,981.1753989828295,983.3014176534198,1574972,TCS
2015-07-27,983.12451171875,986.2545218151458,976.8643954042838,979.5613773557217,2003738,TCS
2015-07-28,985.09326171875,991.7667024413671,981.1954309793712,984.0892706439846,1891188,TCS
2015-07-29,986.9429931640625,990.2108399911643,977.7891387345963,988.616278382352,2413318,TCS
2015-07-30,976.6672973632812,990.9001263621751,973.5766979157092,990.6048406500195,2770574,TCS
2015-07-31,988.5181274414062,991.7662702478949,979.1674133015143,980.30914626362,1963776,TCS
2015-08-03,988.0655517578125,994.1287141797874,984.6401600829101,985.6244459385337,1179324,TCS
2015-08-04,987.7901611328125,993.3415734162776,978.7741385306643,988.3807328173643,2342692,TCS
2015-08-05,1002.8493041992188,1003.971428361931,988.6165712222779,992.159999792967,988994,TCS
2015-08-06,1013.1452026367188,1016.9642127828814,1004.0110485213075,1009.8773541572168,2211366,TCS
2015-08-07,1004.7786254882812,1013.026921070176,1002.7903489956232,1013.026921070176,1188506,TCS
2015-08-10,1012.6729125976562,1019.3266479420373,1006.5703390004753,1012.6335027064194,1431182,TCS
2015-08-11,1025.3106689453125,1027.5942309049863,1000.8610707795267,1014.9953744341205,2200306,TCS
2015-08-12,1051.8863525390625,1059.6425041137527,1024.4444882765072,1024.877612404298,3479784,TCS
2015-08-13,1037.6737060546875,1056.729444473572,1006.3340015180514,1051.2174429003119,1406426,TCS
2015-08-14,1064.2886962890625,1070.6472412199626,1038.2642333585475,1038.618537853042,2293964,TCS
2015-08-17,1057.0244140625,1061.7686903645667,1045.311414223275,1059.1308239108191,773644,TCS
2015-08-18,1079.131591796875,1082.6750208428855,1059.09157041866,1065.7453042897248,1916926,TCS
2015-08-19,1076.2574462890625,1083.8364465454745,1071.6509120930361,1082.7143223445646,1690070,TCS
2015-08-20,1057.8515625,1080.7460161605213,1052.0048652753783,1080.7460161605213,2349298,TCS
2015-08-21,1053.638427734375,1074.800570199236,1045.3508190710377,1067.7531230642494,3536080,TCS
2015-08-24,1015.2514038085938,1041.3743876720175,1011.4915089092241,1039.0121017264478,4692344,TCS
2015-08-25,1010.7236938476562,1032.3189630839465,998.2626738746554,1018.893266114625,3925800,TCS
2015-08-26,1014.50341796875,1039.0121354495125,988.9907097042017,1007.1409790904281,3216158,TCS
2015-08-27,1013.676513671875,1029.5235147100168,1002.3179134579036,1029.5235147100168,5264798,TCS
2015-08-28,1012.1804809570312,1027.2006435631529,1007.0030800633174,1027.2006435631529,2744152,TCS
2015-08-31,1009.5034790039062,1019.7203489904972,996.5109031287377,1019.7203489904972,3692044,TCS
2015-09-01,999.0108032226562,1028.066942930692,996.0973553355611,1006.3339289477052,2987602,TCS
2015-09-02,1020.4288940429688,1031.7087719703923,1003.1841859085893,1007.7906246807743,3765950,TCS
2015-09-03,1025.8621826171875,1029.5630591804872,1014.3066276151933,1022.1218961689218,2265074,TCS
2015-09-04,1002.96728515625,1029.5232904585944,999.699437858218,1028.1452906684779,2426396,TCS
2015-09-07,999.9357299804688,1007.8887383161784,997.1600253948405,1005.1524436027706,1759184,TCS
2015-09-08,1000.152587890625,1009.5230086951884,993.538167550835,1002.0030261212107,1787746,TCS
2015-09-09,1003.8727416992188,1013.4203106711595,1001.6088851388616,1009.0697497091044,2045076,TCS
2015-09-10,1002.160400390625,1015.1923829445698,994.9160952883179,1000.8218101396534,2665818,TCS
2015-09-11,1004.7591552734375,1011.2160330263658,1000.2708495331922,1002.5937260594861,1592672,TCS
2015-09-14,1004.6209716796875,1009.8770955966564,1001.2153817162953,1009.8770955966564,1589318,TCS
2015-09-15,998.951416015625,1007.4752905265675,998.4592732350478,1004.6208623992197,1379900,TCS
2015-09-16,1004.1093139648438,1009.8771900715608,1000.4477517121829,1005.9400470303461,1756816,TCS
2015-09-18,1004.4637451171875,1018.1453189115323,999.6407442832099,1009.8773174818563,2455294,TCS
2015-09-21,1004.38525390625,1006.7672455222801,997.3574126159705,1003.9718345147588,1108840,TCS
2015-09-22,994.83740234375,1012.7907183727642,980.3486955704246,1006.9244132214301,2081246,TCS
2015-09-23,997.1407470703125,1007.0230170616483,989.246850165649,997.7904335100698,1228352,TCS
2015-09-24,1015.9400634765625,1019.7197581717193,996.0574967631757,998.2623346889553,2354254,TCS
2015-09-28,1021.1768798828125,1031.137872059843,1015.5861553945647,1021.2950134109326,2366812,TCS
2015-09-29,1019.0311889648438,1037.0436208764218,1011.7868832130082,1017.1020270557689,3325952,TCS
2015-09-30,1018.95263671875,1040.8628060185983,1012.2200816034137,1040.8628060185983,3368336,TCS
2015-10-01,1041.2169189453125,1043.3232328637323,1020.5862311059309,1023.2635076800991,2834408,TCS
2015-10-05,1067.61572265625,1090.5889986763204,1044.40627564522,1044.40627564522,4807306,TCS
2015-10-06,1063.0284423828125,1073.265012568721,1056.7290145760994,1072.8712983308014,3979590,TCS
2015-10-07,1044.8983154296875,1069.722027639926,1042.1423146223708,1060.6468914714972,2065530,TCS
2015-10-08,1036.9647216796875,1054.5047126157601,1031.5314452247835,1051.2171598283098,2357550,TCS
2015-10-09,1035.3309326171875,1043.5793253907163,1026.8070551365206,1043.5399155058851,2249724,TCS
2015-10-12,1020.7437133789062,1047.4178567008703,1018.5388748918242,1045.311446786932,2455912,TCS
2015-10-13,1023.0864868164062,1028.3819258242065,1010.9010463913304,1024.7597728748874,6179712,TCS
2015-10-14,977.8682861328125,1003.1841373958234,976.4115623004875,1003.1841373958234,8337128,TCS
2015-10-15,971.588623046875,985.6639115785033,970.505908544442,980.3487676574689,3215710,TCS
2015-10-16,973.2618408203125,981.136127558341,972.4744121465097,976.7658599700695,2333828,TCS
2015-10-19,979.8564453125,982.2974547013034,966.903283539853,980.3485881780513,3130642,TCS
2015-10-20,994.8175659179688,996.0971373394523,982.5534044345645,982.8092802702007,2695084,TCS
2015-10-21,996.0968627929688,1000.8214328931725,993.0455779365872,998.0654336680536,1929688,TCS
2015-10-23,1001.088623046875,1005.3697691126182,997.2021454351022,1005.3697691126182,2335398,TCS
2015-10-26,1000.8519287109375,1005.7643323311557,992.3883760161879,1005.7643323311557,1414630,TCS
2015-10-27,998.701416015625,1004.1464335773196,994.4597662159551,998.287096071303,1530420,TCS
2015-10-28,997.9124145507812,999.6682412666452,990.3957961927331,990.3957961927331,1255342,TCS
2015-10-29,984.59521484375,1000.3977453535075,982.5039641132366,999.6678449995022,3130316,TCS
2015-10-30,984.5362548828125,991.1255894873447,980.5116388507271,986.4302201717576,1516696,TCS
2015-11-02,993.2764892578125,995.4268887480013,981.518216974879,986.430622207248,1319294,TCS
2015-11-03,1003.5742797851562,1005.2907067666878,993.7297262226014,997.4781607666215,1364906,TCS
2015-11-04,999.7665405273438,1005.0537667296683,994.321427728335,1004.1857276065923,991434,TCS
2015-11-05,979.584228515625,1000.2203653040873,978.5386511506515,998.5829298839825,1596098,TCS
2015-11-06,988.6987915039062,993.6309415163971,979.8998166154117,983.2734264901663,908024,TCS
2015-11-09,975.1258544921875,987.5153806192054,974.0407811541781,984.4574466666337,2021556,TCS
2015-11-10,969.9171752929688,977.3548964243425,966.7014518529023,975.7568604724145,1361920,TCS
2015-11-13,945.9469604492188,961.9863715091415,941.6659116578214,961.9863715091415,2743232,TCS
2015-11-16,936.9511108398438,943.0274837087084,929.612029965572,943.0274837087084,2043528,TCS
2015-11-17,943.244140625,946.3612209810062,937.1085265847285,939.2786726462931,1985028,TCS
2015-11-18,927.8163452148438,942.5930479073451,925.6659469997475,942.5930479073451,1520352,TCS
2015-11-19,932.1961059570312,939.7127218884813,928.0333520546905,933.3009268328312,1866906,TCS
2015-11-20,946.3218383789062,956.2650339712978,931.9593591178437,933.7546810668589,2012126,TCS
2015-11-23,943.441650390625,952.2602791337181,939.969396602381,949.0643028836815,1088082,TCS
2015-11-24,934.3270263671875,943.9940432459301,933.36034394553,939.1013875213672,998640,TCS
2015-11-26,925.4887084960938,940.0286341546765,922.4505222637847,938.2530595126802,2915292,TCS
2015-11-27,928.5662231445312,930.9730549824205,920.3393569200199,926.4552240292419,1737206,TCS
2015-11-30,936.5366821289062,943.520589442146,927.3036366489397,933.1630712099009,4100048,TCS
2015-12-01,931.9395751953125,938.3119708413157,930.0259587797201,932.3341471982457,1721994,TCS
2015-12-02,933.2418212890625,938.3318586848476,925.8633429997278,938.2923629462402,1640296,TCS
2015-12-03,927.5402221679688,936.3194500498096,926.0605770193439,931.1900135345768,2283358,TCS
2015-12-04,918.7218017578125,926.1792735667286,915.8415019827482,923.2988774605683,1246092,TCS
2015-12-07,915.3282470703125,924.837375533454,913.5329250036388,920.2209018841968,1382604,TCS
2015-12-08,918.9583740234375,926.8498156208908,914.3418999551421,915.1704435242302,1139964,TCS
2015-12-09,934.208740234375,936.2408446660428,915.4074152594368,922.4702184223198,5282806,TCS
2015-12-10,940.8770141601562,943.5008803544174,928.0336717580018,934.7413981270009,1723988,TCS
2015-12-11,941.4492797851562,943.7969651353317,932.472762134229,940.2655631718471,1652378,TCS
2015-12-14,938.4699096679688,941.8435200932937,919.589694137552,921.4046678397178,2718532,TCS
2015-12-15,937.4439697265625,941.0542651674225,932.3934286179426,938.469799177166,1135868,TCS
2015-12-16,950.2874755859375,952.6944041018141,940.6599541846034,940.6599541846034,1435934,TCS
2015-12-17,962.656982421875,964.7284853044305,944.3488811922801,952.8913259755418,1618844,TCS
2015-12-18,953.6018676757812,960.4673836626838,947.2294704813154,954.8644791257649,3024970,TCS
2015-12-21,965.2808227539062,966.7013203693166,949.6755785042104,954.844413479802,1610104,TCS
2015-12-22,948.9658203125,962.7560984399181,946.9732115802473,962.7560984399181,1560858,TCS
2015-12-23,957.1528930664062,960.7829366408895,951.1356693359037,952.8914956828535,849834,TCS
2015-12-24,960.4872436523438,962.0457843583664,948.5514362699946,955.2591627328025,843160,TCS
2015-12-28,971.7124633789062,973.1723605401066,954.9431530640414,958.0208339880396,3704198,TCS
2015-12-29,968.9902954101562,972.7387307971452,965.0248260766499,969.9964736486713,1708524,TCS
2015-12-30,954.1937866210938,970.2528527997528,951.8263538773774,967.905167928451,1605762,TCS
2015-12-31,961.5130004882812,966.1097266343451,949.932271542653,953.1874911647617,1240318,TCS
2016-01-01,953.4443359375,962.3617072223961,951.8068996503588,962.3617072223961,712262,TCS
2016-01-04,934.9780883789062,952.4970511180745,933.5773381551637,950.9779099979028,1870184,TCS
2016-01-05,926.8301391601562,941.6858369105934,923.6933101497001,941.0544830017235,2678020,TCS
2016-01-06,939.7127075195312,941.5079330428184,927.3230890028121,927.3230890028121,2653228,TCS
2016-01-07,935.62939453125,940.226122449534,931.190456971534,935.1361792468371,3199580,TCS
2016-01-08,946.0260009765625,949.8730785265418,936.122203828291,941.0543545333926,1907544,TCS
2016-01-11,932.117431640625,940.6598790060465,926.7907083324952,940.0680208606987,2930228,TCS
2016-01-12,918.189208984375,933.1632039206021,908.1473662887429,932.2556686421129,3482594,TCS
2016-01-13,899.3087158203125,918.1692815664934,889.7995859585595,914.2235605455802,4746092,TCS
2016-01-14,899.1506958007812,907.0815352280324,887.7870028974825,896.8621589271012,2742052,TCS
2016-01-15,892.1668090820312,904.2406547723264,889.7598812920114,903.1161823440505,3269408,TCS
2016-01-18,898.6970825195312,904.3197348036796,891.7329236614203,892.5220678416516,2213922,TCS
2016-01-19,899.3482055664062,907.5158287590216,895.0079124723413,898.4406704714314,967910,TCS
2016-01-20,899.6636962890625,901.5970606437963,885.0250358967331,897.1778733107913,1615954,TCS
2016-01-21,891.713623046875,905.7152088417079,888.2527695531246,903.7771695108047,2675536,TCS
2016-01-22,908.0291748046875,910.5210089062366,893.8891146939317,899.0309547342065,1343178,TCS
2016-01-25,911.5491333007812,925.1354926499861,906.3480040219936,910.4614365907396,1397560,TCS
2016-01-27,917.52197265625,921.5563208921445,902.5512662151274,910.5013820690539,1626986,TCS
2016-01-28,922.0504760742188,929.0512691191542,912.8940849776952,915.8407352730952,3106660,TCS
2016-01-29,945.8217163085938,949.2627745535498,923.5733700299949,932.9275249953068,2235744,TCS
2016-02-01,950.3306274414062,954.3847703344976,933.0461546148797,945.7425822032334,1495274,TCS
2016-02-02,948.5112915039062,962.3151154050784,941.2335524625656,952.8224878795043,1475588,TCS
2016-02-03,955.7098388671875,961.0889364748455,933.5603748540079,944.3186666333238,1308692,TCS
2016-02-04,957.193115234375,965.0838429159069,950.053848640987,957.9247807014614,1250046,TCS
2016-02-05,957.9444580078125,965.0639281008247,952.4664792357518,952.4664792357518,1402996,TCS
2016-02-08,934.6083984375,954.0287689835941,928.2997763219493,949.2626600650525,1063658,TCS
2016-02-09,902.3534545898438,922.9999999509217,892.1489556488243,922.9999999509217,2489610,TCS
2016-02-10,897.369873046875,905.7154180323857,893.1377619669794,899.8221162046076,1890732,TCS
2016-02-11,869.3467407226562,905.3594184222402,858.9443829631508,901.7996828321135,1962408,TCS
2016-02-12,880.6785888671875,887.3233511219838,855.9186125585161,870.1575543570866,2172568,TCS
2016-02-15,897.5081176757812,912.4195306661626,885.978569118434,889.9338305877128,2479712,TCS
2016-02-16,896.0843505859375,902.5907368918347,887.1652159721233,896.2623180529787,1588702,TCS
2016-02-17,900.039794921875,901.6613946398478,888.5101465727864,895.8669735907988,1585178,TCS
2016-02-18,915.979248046875,917.5217613640796,901.0085450532916,903.7772280275556,1529140,TCS
2016-02-19,917.482421875,920.389578421279,911.8659684703224,912.6175262793868,879012,TCS
2016-02-22,915.9989624023438,926.7177595787696,911.6877660388664,917.719539762117,1324884,TCS
2016-02-23,895.47119140625,917.5810642645764,892.6036268577981,913.7642755946507,1306852,TCS
2016-02-24,874.4884643554688,894.858059737054,870.6320846473046,894.858059737054,1659328,TCS
2016-02-25,875.2401733398438,881.2323565281536,864.4817836570518,877.9890610637876,1830556,TCS
2016-02-26,874.3104858398438,892.6628591314453,869.9992897693751,881.9045680100239,1537536,TCS
2016-02-29,860.9814453125,884.7921030693326,836.5379070145902,884.7921030693326,2191718,TCS
2016-03-01,900.4744873046875,903.8167602135851,855.1274570361168,867.3887665495856,1999760,TCS
2016-03-02,917.165771484375,921.5758490462739,892.4057980303243,911.6876961595113,1527486,TCS
2016-03-03,938.643310546875,945.7034944573394,910.1061232732488,923.9495454003952,2648284,TCS
2016-03-04,932.4725952148438,941.3521370265184,929.3083863508891,941.3521370265184,1512966,TCS
2016-03-08,931.1870727539062,936.2102346748952,911.3711774501492,926.3616738736175,1268152,TCS
2016-03-09,932.35400390625,937.1596079352097,907.7917917129001,925.9267040596166,2017784,TCS
2016-03-10,928.814453125,933.3828013185009,915.6236120603272,931.8797820276293,1661666,TCS
2016-03-11,935.5185546875,945.6440663075122,923.5538844499788,925.5315158941972,1530528,TCS
2016-03-14,931.4642333984375,948.4718605900013,925.531340192078,934.2329168947385,1636742,TCS
2016-03-15,921.5362548828125,934.8259709460175,917.6601762147044,929.1106379084163,1623356,TCS
2016-03-16,920.4093627929688,922.3671983823907,912.4394510606412,915.643252253531,1918246,TCS
2016-03-17,930.2977294921875,934.1541112333279,922.3674072142643,923.1584598791136,2221088,TCS
2016-03-18,959.487060546875,961.1284552914259,933.4416273612202,933.4416273612202,3204070,TCS
2016-03-21,967.5556640625,970.9967216132061,957.1731045605518,959.54626101814,2336982,TCS
2016-03-22,978.1759033203125,982.8826265684141,963.6996054864954,965.8749996298058,1951984,TCS
2016-03-23,978.4530029296875,984.0298659505154,971.9268188284349,984.0298659505154,2278434,TCS
2016-03-28,978.2940673828125,995.5983316093296,973.6071417535576,985.2553643029554,3320882,TCS
2016-03-29,976.71240234375,983.6539067699464,971.0168634404195,980.1139664380282,1838796,TCS
2016-03-30,984.6625366210938,990.7931931053785,972.994512989713,977.3057102143441,2136504,TCS
2016-03-31,996.8446044921875,1008.5917121800721,977.7999618708553,980.2325057033393,4363964,TCS
2016-04-01,970.5816040039062,997.0621576290632,962.7502632983611,990.7930293764689,3041400,TCS
2016-04-04,977.44384765625,984.0689096484572,967.8523399958902,971.4120747976732,1752352,TCS
2016-04-05,974.0823974609375,982.8432663995328,965.8950223457921,977.2664034957269,1491794,TCS
2016-04-06,981.6563110351562,984.4645853199661,972.7372736222492,976.9495884854625,1763150,TCS
2016-04-07,977.2660522460938,982.7638272265198,971.8077719431361,980.9048735933975,2390942,TCS
2016-04-08,961.9393920898438,978.4130176060839,959.9419657202296,975.3674855649305,1399500,TCS
2016-04-11,991.4457397460938,995.5394746620269,954.4047486529483,962.3152728854634,2400648,TCS
2016-04-12,995.9940185546875,998.7034109883112,984.1085363998602,988.0242061975451,1303628,TCS
2016-04-13,999.1783447265625,1006.6142571768618,993.7596546785326,1000.6813637160944,1601468,TCS
2016-04-18,996.6267700195312,1009.9757742811283,965.0835673569427,970.2254060354838,7121504,TCS
2016-04-20,969.177734375,1002.6193998036499,965.0839992770485,1002.6193998036499,6405024,TCS
2016-04-21,958.9136352539062,975.9212610486675,954.0882351551712,969.4346703013855,2525724,TCS
2016-04-22,956.0066528320312,963.2645009051137,950.924102367314,956.7779096348906,1964126,TCS
2016-04-25,969.5335083007812,971.8275793619327,950.1725219098297,950.1725219098297,2267654,TCS
2016-04-26,984.7808837890625,986.2443110175784,965.8747172668644,968.6433999125926,2554368,TCS
2016-04-27,993.2061157226562,994.590457751982,979.2835129193518,980.9052093507479,1848670,TCS
2016-04-28,999.7914428710938,1004.6366392612315,988.0641286013895,989.3297932435598,4992744,TCS
2016-04-29,1002.8565673828125,1005.427487393851,992.7706504164304,995.5393335052412,2372178,TCS
2016-05-02,999.3761596679688,1000.6814156098303,988.8156280729548,1000.2858893586011,1116692,TCS
2016-05-03,980.15283203125,1000.6805888851736,977.7400852664621,998.7029592628709,2153118,TCS
2016-05-04,980.1139526367188,986.4621676475928,971.8079021906449,978.4922565430691,1364892,TCS
2016-05-05,977.068115234375,984.8401642438284,974.3983141383661,980.1136468014693,1246566,TCS
2016-05-06,978.2940673828125,982.6053591513465,961.5238019351605,974.971687276911,885598,TCS
2016-05-09,993.7792358398438,995.9348340192618,971.5703848394176,978.2943293105563,1821276,TCS
2016-05-10,997.8732299804688,1002.2438147608317,987.2336114950185,994.748610941495,1158534,TCS
2016-05-11,996.0535888671875,998.9409492663359,984.8601787675897,988.8154405297086,1598716,TCS
2016-05-12,1014.9994506835938,1016.4628785062365,996.9437158677986,996.9437158677986,1513082,TCS
2016-05-13,998.0708618164062,1014.9203180368593,992.8301392076812,1014.5247918022385,1621730,TCS
2016-05-16,1009.0467529296875,1014.4457441745451,997.7149645055127,1003.8456213736339,1111526,TCS
2016-05-17,1016.5814208984375,1024.9072667291948,1009.3828633643628,1014.2082636961702,1756698,TCS
2016-05-18,1009.0269165039062,1014.8609278906433,999.1189659885436,1014.8609278906433,1500740,TCS
2016-05-19,1011.34033203125,1012.546705817774,999.1384111124191,1010.5690755329736,1038792,TCS
2016-05-20,1000.4044799804688,1014.8411869011068,997.8335595699442,1005.5463208015179,1230918,TCS
2016-05-23,985.4334716796875,1006.9698482747109,980.9838031036913,1006.2183873185824,1533016,TCS
2016-05-24,976.0399169921875,984.1679991534177,972.836212931941,982.4870129195577,1339158,TCS
2016-05-25,999.2772827148438,1001.8482033596931,981.300633826356,981.300633826356,1548678,TCS
2016-05-26,1008.0774536132812,1014.4849577678972,990.8325718492531,1000.6811341087555,1943248,TCS
2016-05-27,1017.5503540039062,1020.3982196549834,1008.8290792805007,1009.8375937542511,1104676,TCS
2016-05-30,1042.7650146484375,1044.96020390725,1021.2484325419351,1021.6439586583341,1349464,TCS
2016-05-31,1016.26513671875,1046.958013207957,1013.3382810120082,1044.1893293800554,3722608,TCS
2016-06-01,1041.637939453125,1046.1666946787254,1016.8977587973548,1016.9768447166658,1911942,TCS
2016-06-02,1048.2039794921875,1049.845471566485,1028.3683742830733,1028.3683742830733,1408756,TCS
2016-06-03,1040.0556640625,1051.3083621702226,1036.4761335842998,1048.697851313505,1554922,TCS
2016-06-06,1044.0321044921875,1054.6222866047399,1040.3155305017922,1047.2291406016373,1322026,TCS
2016-06-07,1051.4853515625,1054.6224828549928,1044.2321135657812,1044.6317431538278,1202194,TCS
2016-06-08,1044.2720947265625,1050.446352225595,1041.2348708916481,1045.9305184575574,938266,TCS
2016-06-09,1029.945068359375,1047.9883001979056,1021.1332188889663,1047.9883001979056,1562138,TCS
2016-06-10,1021.3532104492188,1040.3356138518748,1020.3341355954938,1025.4494132887392,1396832,TCS
2016-06-13,1017.8567504882812,1020.3944378717417,1006.2674902746337,1015.0593428505043,1029978,TCS
2016-06-14,1013.000732421875,1022.631743456871,1006.3668446430261,1022.631743456871,977570,TCS
2016-06-15,1021.7926635742188,1025.009602799726,1007.8655373251504,1011.0625731295124,1270844,TCS
2016-06-16,1022.3720092773438,1024.929598650551,1005.6474782947984,1017.276733950176,1145070,TCS
2016-06-17,1040.075927734375,1043.0331474402572,1022.6520399615395,1022.6520399615395,1878988,TCS
2016-06-20,1062.734619140625,1066.211375853076,1035.7596311833227,1040.0756487696478,1872838,TCS
2016-06-21,1059.497802734375,1065.0127098256198,1055.5814137817054,1064.4132655236542,1027690,TCS
2016-06-22,1066.0718994140625,1070.0881965428537,1051.7252353159154,1059.0184757622021,1761712,TCS
2016-06-23,1057.1602783203125,1062.814998545502,1049.1476847440383,1061.0166652146297,1397014,TCS
2016-06-24,1028.6268310546875,1036.3197026619182,1004.7289558473688,1025.1100702353563,3766586,TCS
2016-06-27,997.4151611328125,1017.8561676403859,992.1399745553152,1017.8561676403859,4272566,TCS
2016-06-28,984.6676025390625,1000.2331602003221,982.4496381396779,997.4158488029426,4499524,TCS
2016-06-29,1000.2327270507812,1004.0692096243245,985.2067150303141,989.0831020179912,2531264,TCS
2016-06-30,1020.2943115234375,1024.210603323307,999.2138513478774,1007.8657926590089,5121812,TCS
2016-07-01,999.4137573242188,1024.8901451689476,996.8161648380894,1023.8510691481665,2197296,TCS
2016-07-04,996.7560424804688,1009.4043767645226,991.8805812958834,1005.4679865191147,1883484,TCS
2016-07-05,993.1994018554688,997.895049359803,989.942362281059,996.756066045192,1559748,TCS
2016-07-07,971.0197143554688,995.8167427026729,969.1014733692501,994.1582218479487,3316800,TCS
2016-07-08,969.7409057617188,975.9151615271658,960.509426027587,973.0977542655187,2456356,TCS
2016-07-11,984.7470703125,987.8042947657625,969.9008722542538,971.0997608478932,1543632,TCS
2016-07-12,985.0668334960938,989.0831299612189,973.437672204519,987.7643329414425,1465536,TCS
2016-07-13,996.3160400390625,998.773721684301,979.5915115649266,990.2815974127029,2102300,TCS
2016-07-14,1007.8255004882812,1010.6629086928161,987.4843999129888,993.4788418388063,2699988,TCS
2016-07-15,977.2339477539062,1010.1833775116467,969.7208943257351,1005.867359791992,8336366,TCS
2016-07-18,972.4786987304688,986.6855515188447,971.3398128301802,977.893699702962,2598850,TCS
2016-07-19,985.5662841796875,988.2038779884144,970.1006415596411,970.1006415596411,2362896,TCS
2016-07-20,997.0556640625,1000.0728864899457,978.3529827760211,979.092336423723,2815252,TCS
2016-07-21,1001.491455078125,1006.8664519486583,984.8668300621035,994.8775678214665,2527148,TCS
2016-07-22,1005.1083984375,1008.6650626829162,995.8769160878871,998.6343211711139,1517216,TCS
2016-07-25,1025.281982421875,1026.9848091705176,1003.986670563363,1006.470774727068,1688796,TCS
2016-07-26,1022.7369995117188,1028.9071982554553,1014.8839303664596,1025.281162280447,2311290,TCS
2016-07-27,1032.734130859375,1033.875967463042,1019.6924650336321,1023.6991151909351,1750510,TCS
2016-07-28,1049.4417724609375,1053.5686414114468,1032.533729488492,1033.9160041368518,4632080,TCS
2016-07-29,1049.4620361328125,1055.7123525260054,1041.3285156580234,1047.3384917006822,2488084,TCS
2016-08-01,1085.1009521484375,1091.8120906875258,1054.550246858557,1054.550246858557,3961704,TCS
2016-08-02,1081.474853515625,1088.0858254353823,1077.7086419736254,1082.9572943217909,2578162,TCS
2016-08-03,1064.2867431640625,1081.395123667247,1061.3819211386503,1076.1864772768527,2294702,TCS
2016-08-04,1062.5633544921875,1074.9639140466961,1056.2528820814591,1069.7753229615917,1415416,TCS
2016-08-05,1061.4014892578125,1075.5048750183903,1054.550079930224,1071.3379011177885,1868484,TCS
2016-08-08,1061.56201171875,1068.9743148766277,1053.3684313052509,1057.755693880921,2058244,TCS
2016-08-09,1061.842529296875,1065.6889530251306,1033.2551357726647,1064.9677363487554,2261914,TCS
2016-08-10,1071.9393310546875,1074.5837597475115,1060.9611468349776,1062.163142091966,2062078,TCS
2016-08-11,1085.7615966796875,1087.8050264645601,1067.9921699477304,1067.9921699477304,2233138,TCS
2016-08-12,1097.2010498046875,1099.7453116824036,1082.616882930555,1083.7988251169618,2327358,TCS
2016-08-16,1078.469970703125,1097.8221099421025,1071.3181590795189,1097.0207799348457,3183754,TCS
2016-08-17,1051.5654296875,1081.394921767189,1048.941054163209,1081.394921767189,1848566,TCS
2016-08-18,1057.175048828125,1064.7876866617926,1053.7894478816168,1055.7526679849486,1292064,TCS
2016-08-19,1043.1314697265625,1060.340014259154,1041.729142035361,1057.7557442205205,2416244,TCS
2016-08-22,1021.1749267578125,1039.505351599579,1016.2067195893457,1036.9210817593796,2265274,TCS
2016-08-23,1042.1495361328125,1043.7120902329666,1017.7690360056934,1019.6721944239102,1503374,TCS
2016-08-24,1030.5303955078125,1042.5302922596873,1029.3284005513256,1037.6421990003603,1116878,TCS
2016-08-25,1022.116455078125,1037.6021180077319,1012.0797773894615,1033.7156871198774,1939690,TCS
2016-08-26,1011.6591796875,1030.7308748415435,1008.5540256075392,1025.6223955487046,1250314,TCS
2016-08-29,1001.8827514648438,1015.6655864960522,988.3402567103644,1015.6655864960522,1488728,TCS
2016-08-30,1019.3519897460938,1021.6158060628519,1002.1634975217444,1005.6693168534047,1444026,TCS
2016-08-31,1006.190185546875,1021.695903817559,1002.0032552302483,1021.695903817559,3231668,TCS
2016-09-01,1004.6672973632812,1015.6655299681074,996.4737192276646,1011.6388279164538,1345736,TCS
2016-09-02,1007.5923461914062,1009.4353464721264,1000.07987755602,1006.4704646448015,1742330,TCS
2016-09-06,995.271728515625,1009.7356736461214,993.6490160023878,1009.6355074146695,2239066,TCS
2016-09-07,977.8428955078125,1001.5421889538081,970.8112058398881,1001.5421889538081,3854040,TCS
2016-09-08,930.384521484375,945.5696905225162,915.4196400090334,945.5696905225162,7021516,TCS
2016-09-09,942.5447387695312,948.2341644940478,929.563226675922,933.4296063535047,2742438,TCS
2016-09-12,945.1890258789062,947.152245745942,931.1456945280854,936.3543408399895,2024454,TCS
2016-09-14,932.9287719726562,952.6215232722351,925.5365193364894,946.3711076505576,2069858,TCS
2016-09-15,932.3275756835938,938.3977102543503,928.2408114868065,937.5362216528733,2818964,TCS
2016-09-16,946.2503662109375,951.979894398349,929.5426578300377,936.2337427429413,4358004,TCS
2016-09-19,966.1834716796875,972.4138312002096,941.5626301279327,947.5726043627918,2802546,TCS
2016-09-20,964.2003173828125,968.3671942332567,955.7462468002384,966.0033098732437,1184552,TCS
2016-09-21,966.964599609375,971.2116865409863,961.876175105817,964.680829316125,1678020,TCS
2016-09-22,952.7814331054688,972.8146844323288,950.016883549806,971.7128556093515,2857574,TCS
2016-09-23,960.8347778320312,963.1386015873172,950.036777802373,954.3840321897889,1800726,TCS
2016-09-26,962.0367431640625,969.2487129581815,959.592647606393,962.0367431640625,1753476,TCS
2016-09-27,976.06005859375,980.8279330296466,962.03678340746,962.03678340746,2038792,TCS
2016-09-28,970.8313598632812,976.6209496214185,967.6861004468021,974.0166270890948,1731328,TCS
2016-09-29,976.7412109375,984.2336272908714,969.4491270952809,975.6193293113257,3603958,TCS
2016-09-30,973.9362182617188,981.5488510473293,970.8511182228442,976.4403737833012,2175364,TCS
2016-10-03,966.2838745117188,984.694413861943,962.0368837036964,981.6293653791236,1818880,TCS
2016-10-04,963.6593017578125,971.6325932550799,960.7945863845625,969.6092156174485,1780718,TCS
2016-10-05,956.1268920898438,967.7661312354142,952.0200761395998,964.8012495792619,1176354,TCS
2016-10-06,957.088623046875,962.5576617654116,950.677982348288,959.5927795697606,2267572,TCS
2016-10-07,948.694580078125,956.7879932884529,944.8481570580677,956.7879932884529,1816512,TCS
2016-10-10,953.70263671875,956.3469662447305,943.585848463839,949.5356632612261,1202142,TCS
2016-10-13,933.1084594726562,949.5357206013452,929.9031402280341,946.8913909156802,5173334,TCS
2016-10-14,948.0534057617188,956.3872564668326,917.9234204296245,927.5393794389265,7741214,TCS
2016-10-17,946.5510864257812,951.900003736874,939.3190630257404,949.1353563215744,2728346,TCS
2016-10-18,961.6758422851562,967.8861480341177,943.4856955414347,951.9797715827508,2128632,TCS
2016-10-19,959.6328125,965.6026820708377,949.6963006062551,961.996696951071,1985058,TCS
2016-10-20,962.0568237304688,965.342355320401,955.9867874889045,960.3539973068191,1265854,TCS
2016-10-21,973.0750122070312,974.3771734558061,960.8948353459325,961.5959990952728,1259660,TCS
2016-10-24,975.3046875,978.1971973937005,965.2009604582022,975.5055576048557,1253190,TCS
2016-10-25,963.5538940429688,970.042058003522,956.5435462163216,966.18531232686,1772466,TCS
2016-10-26,962.6698608398438,965.281171886462,953.1285320156617,963.6139894506741,1437130,TCS
2016-10-27,971.4482421875,976.0280422973792,950.3166635334228,956.0213560804503,2941602,TCS
2016-10-28,963.6543579101562,970.2429571312935,959.3557566736132,968.1940425391155,1752102,TCS
2016-11-01,944.0897216796875,964.0561953262192,937.7220985797364,964.0561953262192,2934776,TCS
2016-11-02,925.6294555664062,941.6789556942074,921.9936874224428,940.4737351877728,2325076,TCS
2016-11-03,931.8162841796875,938.0633638851648,917.7754838525306,921.5920157398577,1463310,TCS
2016-11-04,936.2755737304688,938.5252598360235,921.5919508863094,932.0371953165815,1183752,TCS
2016-11-07,914.7827758789062,942.0407965684136,907.9531907330089,939.2286144495147,2048052,TCS
2016-11-08,917.25341796875,926.8148565647065,907.9330627812036,916.1486321622684,1933634,TCS
2016-11-09,871.7158813476562,913.9588178040542,860.8688975759158,875.7935045331158,4500226,TCS
2016-11-10,865.9310913085938,890.8590960011996,860.0456352732119,885.757013917666,2172426,TCS
2016-11-11,844.1163330078125,862.5562659662813,838.1103369826016,862.5562659662813,2398424,TCS
2016-11-15,852.2114868164062,866.7745687407012,824.3306587113022,850.4437711272793,6290324,TCS
2016-11-16,879.6503295898438,887.4038365304724,858.920497252526,861.7728917377683,4019958,TCS
2016-11-17,858.5991821289062,887.2834928045424,855.7668939499374,877.8023843407752,2504688,TCS
2016-11-18,853.7383422851562,863.7416364233761,845.3419112498528,860.5277140552892,2140534,TCS
2016-11-21,856.8718872070312,859.724282704532,845.6633715388037,854.1802466858184,1793366,TCS
2016-11-22,857.715576171875,874.7694329999091,852.513058686731,856.5103552217506,1318860,TCS
2016-11-23,866.29248046875,868.943906820619,854.5816953177563,863.3396508993582,1275808,TCS
2016-11-24,879.1883544921875,886.8817384632791,858.5188400327492,865.7099506536456,3026234,TCS
2016-11-25,924.1430053710938,926.9149732099097,880.6947487317126,888.6492234219613,4276148,TCS
2016-11-28,917.0121459960938,931.8162123267234,904.6786443832087,921.5919446752938,1924296,TCS
2016-11-29,907.87255859375,920.788465772563,904.9398357488486,913.9588829112481,1442296,TCS
2016-11-30,914.3805541992188,921.8930742885029,900.8218261211114,909.9413065752083,3445832,TCS
2016-12-01,909.3189086914062,919.9851314694247,905.5425897422732,914.7625084523494,1123052,TCS
2016-12-02,892.6064453125,912.271607224115,885.9174125631583,907.1293133779409,1998032,TCS
2016-12-05,878.2041625976562,899.0344332256589,871.7763187726048,895.478992877482,2249526,TCS
2016-12-06,876.7379150390625,885.41544599836,871.736170226517,879.8111888636037,1593444,TCS
2016-12-07,865.5693969726562,877.5813901288595,861.993850222355,876.6774746481086,2065706,TCS
2016-12-08,882.1209716796875,883.4266272224219,867.7587607096094,867.9596307931071,3239546,TCS
2016-12-09,881.9202880859375,891.8231460639765,873.1021091719311,885.8372555424176,1588718,TCS
2016-12-12,887.122802734375,890.8992199428379,868.9641630035069,881.7395226028608,1311758,TCS
2016-12-13,883.9490356445312,891.0598180024498,876.9989101439801,891.0598180024498,2147534,TCS
2016-12-14,886.8815307617188,893.7512279853416,879.4091252752332,889.4526283048727,1870366,TCS
2016-12-15,907.6517944335938,912.7940894084076,884.6320577824321,884.6320577824321,4295410,TCS
2016-12-16,917.0324096679688,919.9852399544201,904.7191093350891,914.7626163214911,1987230,TCS
2016-12-19,919.5430908203125,923.0784241437566,908.4551203144996,915.9676423261294,1334210,TCS
2016-12-20,939.7908325195312,942.0807319532616,918.7999078949863,920.7885021905654,2922760,TCS
2016-12-21,929.4661865234375,941.5987212157347,926.2522648523068,941.5987212157347,2034902,TCS
2016-12-22,927.0958862304688,934.0460116538351,918.4584714990461,926.4129474725779,1868300,TCS
2016-12-23,919.2215576171875,931.1331122924123,915.4853550889583,924.0022255517412,1118954,TCS
2016-12-26,921.2305297851562,924.6453216257642,910.3433306844221,910.3433306844221,897408,TCS
2016-12-27,933.4032592773438,936.054784164505,916.5703820048576,916.5703820048576,1294692,TCS
2016-12-28,929.3856811523438,944.0491975325826,925.2678443606329,934.7288450934175,1350418,TCS
2016-12-29,944.7725830078125,948.0668336392886,925.2078512748891,925.2078512748891,1963516,TCS
2016-12-30,950.3364868164062,955.5792156955719,942.3417985169717,946.0578951209758,1405748,TCS
2017-01-02,948.64892578125,954.1728515821885,945.0532737950566,950.7580610870629,823132,TCS
2017-01-03,951.4213256835938,952.8073098987269,941.3979262875476,948.6091439967848,1475324,TCS
2017-01-04,955.9410400390625,959.6973510615388,947.4241653292413,952.0039654985324,1420066,TCS
2017-01-05,937.8222045898438,960.1388904347845,932.1978422639734,957.7485560625086,2216404,TCS
2017-01-06,916.530029296875,935.7935498525687,906.7678211547328,932.4389800370567,3009896,TCS
2017-01-09,925.4890747070312,928.542340104718,906.7278230184438,913.959148146637,1854578,TCS
2017-01-10,930.1691284179688,935.9742541744714,920.5875862693088,925.609338321836,1533914,TCS
2017-01-11,933.8047485351562,935.8938757422372,916.0478538425945,930.0284304259059,1931296,TCS
2017-01-12,941.8197021484375,948.1068972131927,925.6094454149136,933.8049064804158,2570374,TCS
2017-01-13,903.6343994140625,947.2834400575917,899.0344929872128,943.286144029398,10235580,TCS
2017-01-16,907.350341796875,913.5169949738373,895.0771591589728,903.9154434953721,3364808,TCS
2017-01-17,915.465576171875,919.1013449770635,905.0404365114505,905.884032170719,3009956,TCS
2017-01-18,922.0341796875,923.1991872971566,910.1225212290071,915.1643814895226,3136574,TCS
2017-01-19,920.38671875,922.0539012036434,917.1526908029483,921.9936794112832,2251676,TCS
2017-01-20,918.1170043945312,924.0024590862698,909.9415521001744,918.7798364914344,2037246,TCS
2017-01-23,929.3373413085938,932.0769864434054,910.4420226826795,912.5370107172307,2318546,TCS
2017-01-24,934.0313720703125,935.9047537785008,922.6095075991248,928.2499150691631,2282638,TCS
2017-01-25,947.990966796875,950.8111694180302,933.9101176677083,935.7432690436315,4111648,TCS
2017-01-27,949.9246215820312,958.3650635308711,944.7878251301055,944.7878251301055,2871658,TCS
2017-01-30,939.8927612304688,947.5677596205212,933.9501924069108,943.1561773524895,2577956,TCS
2017-01-31,898.3554077148438,939.5505097093559,886.3695467433353,934.695712736119,4666804,TCS
2017-02-01,873.4168090820312,902.4447746599766,868.4412243520416,894.4072159723992,4864152,TCS
2017-02-02,889.4317626953125,894.0045608343855,867.4140691646833,874.2832991848693,6009482,TCS
2017-02-03,899.463134765625,903.6732736801529,882.7232022439656,890.2571505690424,2153372,TCS
2017-02-06,902.76708984375,909.9183186040876,892.3726080861273,909.7168755404161,2408910,TCS
2017-02-07,904.3182373046875,907.5413263110506,896.8245160205449,904.076466284862,1814638,TCS
2017-02-08,914.9342651367188,919.6279477107959,904.0966672537587,904.4390614581713,2212584,TCS
2017-02-09,933.60791015625,937.918771435263,914.6319369052917,916.565809714443,4033202,TCS
2017-02-10,966.100830078125,976.7773131233857,931.0698987772657,931.0698987772657,5782160,TCS
2017-02-13,972.667724609375,978.6102943258452,959.8156979228444,965.3150536042508,3819812,TCS
2017-02-14,969.4446411132812,974.8432753028251,966.1208309151785,974.8432753028251,2033328,TCS
2017-02-15,972.4462890625,978.2075807299135,956.8949425534191,965.718109971006,1924972,TCS
2017-02-16,986.1644897460938,998.3517947465307,981.2694627844804,991.0998446636261,4175680,TCS
2017-02-17,970.109130859375,997.3845909271678,967.7321428752484,995.9341620264838,2723324,TCS
2017-02-20,1008.1016235351562,1029.3740302113054,970.1900988949714,976.998834936366,3973948,TCS
2017-02-21,993.2554321289062,1017.6501103846958,989.1459146155323,1012.855804433598,5501112,TCS
2017-02-22,971.559814453125,995.1286509223382,966.9870179476591,993.4767785946808,4505496,TCS
2017-02-23,999.8829345703125,1004.495961628567,972.9701182524774,972.9701182524774,4853352,TCS
2017-02-27,1003.1258544921875,1008.0208805751006,995.14869116079,998.7948295256879,2139892,TCS
2017-02-28,993.6179809570312,1003.1865271497245,987.0710809304518,1002.9850840719836,2354828,TCS
2017-03-01,998.9762573242188,1007.9807027183884,995.1286753647045,999.117208443885,1130374,TCS
2017-03-02,1007.7992553710938,1011.2439506520584,995.1486731813796,1001.8566863383775,1544942,TCS
2017-03-03,1004.81787109375,1007.0941377017926,997.3039880043463,1003.9919351025767,1013970,TCS
2017-03-06,996.1359252929688,1000.7691156431687,988.9041391576566,999.1575711735339,1400694,TCS
2017-03-07,1007.1345825195312,1009.2295703386824,997.1631526329514,1000.3257491562232,1511672,TCS
2017-03-08,1012.1304321289062,1015.2729633543186,1004.0727101975228,1008.0210136160733,1791510,TCS
2017-03-09,1015.1722412109375,1016.884507120312,1008.8469491708324,1012.916039727181,858468,TCS
2017-03-10,1024.2373046875,1027.1783932255296,1012.8356070833133,1015.1119728247809,1171420,TCS
2017-03-14,1034.41015625,1042.3268294938932,1027.782698971712,1030.099294258348,3402294,TCS
2017-03-15,1006.5307006835938,1036.2837901250841,1004.7378766098257,1036.2233965341863,3022496,TCS
2017-03-16,1015.6356201171875,1018.0932648892472,1009.6326560397521,1009.6326560397521,1571818,TCS
2017-03-17,1017.5896606445312,1025.7481049197174,1011.1434824517914,1025.7481049197174,2593152,TCS
2017-03-20,999.1575317382812,1017.6701284303721,993.517126317178,1017.6701284303721,3487540,TCS
2017-03-21,1001.856689453125,1003.9920051233502,993.1140821143892,999.963144749661,3373700,TCS
2017-03-22,998.7345581054688,1005.6037863341323,995.1085829143601,999.2180017921088,1888716,TCS
2017-03-23,991.2406616210938,1001.1919266727388,985.9426514257141,999.9631046358883,2620638,TCS
2017-03-24,977.885498046875,995.048491846918,976.3142809974058,995.048491846918,5099814,TCS
2017-03-27,971.781494140625,983.0421416235237,969.344013420573,977.7844580381583,2181270,TCS
2017-03-28,978.9931030273438,984.411901643739,970.9555446432383,970.9555446432383,1153158,TCS
2017-03-29,984.8955688476562,987.3934434252225,977.2407316307035,981.4307084472093,1717764,TCS
2017-03-30,983.4447021484375,993.1139659139282,981.0273862070649,985.0159181659948,2986086,TCS
2017-03-31,979.738525390625,983.3846645943203,972.9700186323125,982.3975148722267,1867044,TCS
2017-04-03,971.6405029296875,981.0277698451448,970.2304014124563,981.0277698451448,1196888,TCS
2017-04-05,967.4299926757812,974.9437771163093,964.9119552143659,974.9437771163093,2905568,TCS
2017-04-06,966.9466552734375,970.9553516797796,963.9250099881269,966.9264912993656,1720704,TCS
2017-04-07,978.6304931640625,980.3225950985533,963.7639371747151,964.8718739409829,2277012,TCS
2017-04-10,975.8909912109375,986.6681958821698,968.9412050210774,979.8191312312932,2543264,TCS
2017-04-11,974.7022094726562,984.2909168302109,969.3438055057127,973.8964373982542,1557784,TCS
2017-04-12,964.2071533203125,978.2074452153844,960.0775708188884,975.9915716780348,1050538,TCS
2017-04-13,938.1805419921875,970.552474798572,935.1186670906945,966.9265004219895,2500472,TCS
2017-04-17,932.62109375,939.8931104592781,924.684157480116,938.8858950301945,2270882,TCS
2017-04-18,930.1835327148438,940.416801249602,927.4640512902777,938.7246991464912,1730620,TCS
2017-04-19,926.2959594726562,946.2589944945905,907.6222392467995,911.9331028085703,5626812,TCS
2017-04-20,936.9118041992188,939.5305643485608,922.9920671178472,928.773523099594,1268842,TCS
2017-04-21,930.9892578125,941.000918792425,927.0409541980661,938.36209341767,1161154,TCS
2017-04-24,937.958984375,942.6122392265947,919.587342482061,926.6378478461074,2000020,TCS
2017-04-25,931.2709350585938,944.5460083175022,927.7255187917847,937.918553673548,3148710,TCS
2017-04-26,930.8079833984375,944.3448979660993,927.8668950606525,942.7535174698944,2187438,TCS
2017-04-27,927.7056274414062,937.8382717486377,917.6334750649513,929.0754991811219,5773186,TCS
2017-04-28,915.8203125,926.134233905449,913.7454888515751,924.2205253198912,2540510,TCS
2017-05-02,922.56884765625,927.4438088455267,918.5803145820162,924.220720022432,2382696,TCS
2017-05-03,941.6655883789062,944.7677913050508,913.9470083477645,924.6234887185892,3514406,TCS
2017-05-04,938.7652587890625,946.7826555491409,930.1837622814802,946.7624915651412,2708208,TCS
2017-05-05,934.8973388671875,939.7319728109092,927.6453879516049,929.8612618424773,1682474,TCS
2017-05-08,943.74072265625,945.7349895961781,933.7692895957242,935.0988336759713,1071782,TCS
2017-05-09,947.8095703125,951.2139376684106,939.7518495359781,944.3447110342559,1790270,TCS
2017-05-10,939.7117919921875,949.2601741877671,933.0843344186005,948.7968944541469,1206388,TCS
2017-05-11,946.5611572265625,950.8116271812708,935.8041131505495,945.6949910631126,2071302,TCS
2017-05-12,951.0728149414062,954.7995105134491,934.7157020417013,944.0828017227822,2314446,TCS
2017-05-15,952.8660278320312,958.0430555991819,943.3982037529393,956.8948891422832,1817604,TCS
2017-05-16,978.6707153320312,981.0276383249187,956.2299795813299,958.8689031676823,3601026,TCS
2017-05-17,989.2264404296875,991.4019860593208,976.1930355467782,980.4233396628497,2876198,TCS
2017-05-18,1021.7998046875,1036.2231481165063,983.9486716514532,987.0710392245103,5138594,TCS
2017-05-19,1010.0958251953125,1023.5522796710662,1001.5748237024462,1021.7996858282878,1786044,TCS
2017-05-22,1019.8453979492188,1028.8700039651692,1011.2437434958687,1011.2437434958687,1663940,TCS
2017-05-23,1015.9580078125,1033.0605055955032,1012.8558040593548,1020.5911986425249,2748596,TCS
2017-05-24,1031.0458984375,1035.417251860712,1019.1607587760637,1021.2356811572045,2534548,TCS
2017-05-25,1057.4146728515625,1062.6320270664312,1034.6112850897487,1038.237259219736,4094094,TCS
2017-05-26,1038.741455078125,1058.3217658146293,1033.262162833906,1057.5763869213915,1362550,TCS
2017-05-29,1036.5654296875,1046.0936455782542,1032.9998487435562,1039.04313959034,1749290,TCS
2017-05-30,1027.802734375,1037.8143946056755,1017.2873681754559,1031.38838119967,927634,TCS
2017-05-31,1025.989990234375,1036.4247030018769,1018.4962679062177,1020.5106988158423,2502730,TCS
2017-06-01,1028.8096923828125,1032.9996672895745,1019.3015437763742,1019.3015437763742,1080064,TCS
2017-06-02,1033.3624267578125,1044.2202848770607,1028.3666789059027,1029.8775016467048,1355648,TCS
2017-06-05,1049.09521484375,1055.5212283098979,1031.4487844218331,1033.4028213035353,1500188,TCS
2017-06-06,1086.180908203125,1091.3982634423883,1059.5904260290129,1059.9933121225602,5946720,TCS
2017-06-07,1053.6474609375,1087.7920445583597,1038.055794637662,1086.5833867310726,4927776,TCS
2017-06-08,1015.9176025390625,1049.4980990794456,1013.4599580489818,1046.698060429837,3330714,TCS
2017-06-09,1010.0352783203125,1026.3118346058661,1001.5746716810119,1015.2727967160699,3148034,TCS
2017-06-12,1002.0579833984375,1012.412133346291,995.2894793054013,1006.0062856494449,1626506,TCS
2017-06-13,998.7383422851562,1010.7767531653071,996.8846953542725,1004.2177253977449,1175414,TCS
2017-06-14,1006.3355712890625,1008.6984550905081,1000.1432581773819,1000.1432581773819,1489142,TCS
2017-06-15,982.2998657226562,1006.1322078379781,979.7740647410081,1005.8470544056337,2997198,TCS
2017-06-16,977.6149291992188,991.9958332447366,972.2373946770283,983.8276341096838,2450426,TCS
2017-06-19,990.6513671875,996.6196971359582,979.8351305223631,984.6219684539276,1644742,TCS
2017-06-20,996.0696411132812,997.6992028983336,969.7114991321703,990.3661748655978,1670958,TCS
2017-06-21,980.303466796875,994.9083518787011,976.596174647271,994.0325023677977,1657818,TCS
2017-06-22,975.6392822265625,990.3664105799126,971.6264455915638,981.4038186289631,5775882,TCS
2017-06-23,962.134033203125,983.4201848202763,958.9971465411309,977.4926337122873,1424756,TCS
2017-06-27,954.4546508789062,971.5038796650537,949.8715088191008,957.6119265201056,1974330,TCS
2017-06-28,957.3880615234375,960.6267960965342,951.2568146248547,957.3268932722796,1789726,TCS
2017-06-29,950.5437622070312,966.3505314717489,946.4087889466168,961.0340662365313,2471826,TCS
2017-06-30,962.3987426757812,968.3669721985501,946.4086696178118,946.9381975646709,1753848,TCS
2017-07-03,966.98193359375,970.8317531423628,954.5565258750145,960.3821292697841,1475956,TCS
2017-07-04,964.2322998046875,969.7727512449217,957.3881191215022,966.859948787715,1215134,TCS
2017-07-05,959.811767578125,963.4782811215049,955.3304732473273,961.7672613600367,815856,TCS
2017-07-06,956.3696899414062,962.2156845621785,953.3346502855397,961.0342917706864,1026788,TCS
2017-07-07,950.0143432617188,959.9954114223865,947.3866941890876,957.3677623497554,1232090,TCS
2017-07-10,991.9755249023438,996.0290406765481,969.1616558255703,980.1815892628055,783608,TCS
2017-07-11,1008.6172485351562,1024.5054753374338,988.3291851878295,988.3291851878295,3537504,TCS
2017-07-12,993.808349609375,1011.6724558850676,989.9993095891077,1011.3465237194564,2646450,TCS
2017-07-13,996.6397094726562,1007.0689421856534,988.5734601352278,996.0694027685771,3131960,TCS
2017-07-14,976.6982421875,987.921869295735,967.5523462174724,970.8114699099945,4508432,TCS
2017-07-17,975.88330078125,986.7403144728751,970.4853780531939,976.7999291690331,2211822,TCS
2017-07-18,981.1390991210938,995.2551423007234,976.168854699547,976.168854699547,1908002,TCS
2017-07-19,997.9440307617188,1002.1808531207561,983.8890553825862,984.0519718346286,3915576,TCS
2017-07-20,995.9476318359375,1000.9177765247852,990.1627060682433,997.8012786824296,1182504,TCS
2017-07-21,1014.8906860351562,1018.4757405339401,991.8120655388658,991.9545924662276,2148416,TCS
2017-07-24,1033.8880615234375,1037.6874884173808,1013.992262303913,1013.992262303913,2271402,TCS
2017-07-25,1050.55615234375,1054.028727609129,1028.8627304954796,1031.8655266506812,2678832,TCS
2017-07-26,1044.2239990234375,1051.9862274981813,1040.5471539564535,1045.8581523865414,1459826,TCS
2017-07-27,1013.8700561523438,1055.990418749238,1007.6602904065433,1038.5866373684783,4255304,TCS
2017-07-28,1014.9319458007812,1018.506656725875,997.6507518947359,1013.583749160868,1382752,TCS
2017-07-31,1017.9962158203125,1029.1084426526734,1006.23028751629,1009.4985953929162,2019662,TCS
2017-08-01,1022.0198974609375,1029.8230196443596,1017.6690040401071,1021.3458490968558,1747460,TCS
2017-08-02,1010.6419677734375,1024.6139563205606,1005.8211963561484,1021.3456502397933,1251024,TCS
2017-08-03,1017.0360107421875,1022.1631881689791,1007.6396265184119,1013.1753423897155,1882548,TCS
2017-08-04,1030.6605224609375,1032.9074832837614,1016.4433685792724,1017.5872958554163,1387890,TCS
2017-08-07,1022.7554931640625,1029.5168240000055,1013.6655132696179,1028.0869395222276,1885520,TCS
2017-08-08,1022.5922241210938,1033.0304018434238,1019.834589484084,1026.248623432369,1073958,TCS
2017-08-09,1026.24853515625,1030.6812170137455,1018.6088864708877,1021.3460740010449,992946,TCS
2017-08-10,1026.0235595703125,1029.7617451001925,1015.7693074253401,1025.022660619104,1526172,TCS
2017-08-11,1019.7324829101562,1035.6450366012864,1014.4010358504908,1021.3052961981638,1394736,TCS
2017-08-14,1008.8446044921875,1025.390408370755,1006.2299988373314,1022.571533532213,786504,TCS
2017-08-16,1018.2211303710938,1039.2404195508234,1007.1292485086469,1014.8097934637102,1373340,TCS
2017-08-17,1015.4837036132812,1023.3889636479786,1005.8627015321423,1021.6322281135073,1752374,TCS
2017-08-18,1026.9840087890625,1041.732187466781,1009.661918104059,1010.7241580047638,2837356,TCS
2017-08-21,1033.1119384765625,1041.3643943091138,1019.0173635045483,1023.5929736922262,2304834,TCS
2017-08-22,1020.3451538085938,1037.4833206296405,1018.0777456227855,1030.742436679891,1131326,TCS
2017-08-23,1017.0360107421875,1028.2095770959227,1010.376814148476,1023.3888035025151,1562272,TCS
2017-08-24,1019.95703125,1028.6792664329041,1015.6877250856181,1020.4063636551616,1623908,TCS
2017-08-28,1016.1575317382812,1023.5520165660878,1005.4129524044067,1023.2252656549922,2036796,TCS
2017-08-29,1009.4370727539062,1019.7117728767519,1006.6180981526678,1013.9922356891418,1312602,TCS
2017-08-30,1015.0341796875,1017.2606941904742,1005.0454349878917,1013.583848307858,970782,TCS
2017-08-31,1019.85498046875,1023.1436351370417,1007.7213089381478,1015.2180292516907,1784664,TCS
2017-09-01,1003.5545043945312,1020.5497480249849,995.4246271199894,1013.175607225835,1702330,TCS
2017-09-04,1003.4520874023438,1005.4130918449655,996.0167078090312,1002.1856780941719,1062544,TCS
2017-09-05,1014.9522705078125,1017.2604722452996,995.6283869704132,1005.004321977284,1165994,TCS
2017-09-06,1002.2266845703125,1011.071603436845,1000.9193812450196,1008.3343155403518,1228764,TCS
2017-09-07,1005.045654296875,1008.436444224745,1001.3483607377441,1004.1876835073839,870636,TCS
2017-09-08,1009.3348999023438,1010.7238904132168,1001.9607626453869,1002.4509887232946,1021134,TCS
2017-09-11,1002.7366943359375,1014.380034537244,1000.9187190596798,1009.5797100682843,732764,TCS
2017-09-12,1016.6273803710938,1020.1204037039876,1003.7788674011604,1010.6831265927759,1396460,TCS
2017-09-13,1016.9337158203125,1034.2761501077962,1011.21417849878,1021.3459502736579,1278980,TCS
2017-09-14,1016.0147705078125,1020.3657652397725,1009.8662463290153,1013.9925249449102,1081510,TCS
2017-09-15,1023.8173828125,1028.2908570577395,1015.2176320176728,1020.937167972702,2944072,TCS
2017-09-18,1020.9580078125,1029.0878828672494,1016.954311154756,1023.3683447107097,726600,TCS
2017-09-19,1020.6307983398438,1023.3884318388107,1017.8731648408769,1023.3884318388107,782754,TCS
2017-09-20,1018.7110595703125,1027.065650823154,1010.8466945033492,1027.065650823154,1334642,TCS
2017-09-21,1031.51904296875,1038.096554144802,1013.1757002279058,1017.6900715823366,2438740,TCS
2017-09-22,1022.8170166015625,1032.3358837481876,1018.0779301603374,1029.4761142814452,2435396,TCS
2017-09-25,1025.7376708984375,1035.2361876159077,1018.383980536525,1019.9364462277572,1599558,TCS
2017-09-26,1010.989501953125,1032.1313639500574,1007.4556847233954,1025.431374150739,1449230,TCS
2017-09-27,1019.3031616210938,1026.3300011438273,1010.6217218678078,1017.2604699144382,2010356,TCS
2017-09-28,1011.724609375,1027.0652418253628,1001.7358683197255,1019.1804330278691,4332866,TCS
2017-09-29,995.1791381835938,1014.8094290930802,989.2757779987495,1012.7667370055337,1985014,TCS
2017-10-03,1000.2860107421875,1002.6760007210399,991.5433272597431,996.8338805711641,1923006,TCS
2017-10-04,997.7731323242188,1002.5530105928219,990.7053996281961,1000.755481928991,1300778,TCS
2017-10-05,992.5848999023438,998.2430966890208,990.4604205080971,997.2421975941257,1684686,TCS
2017-10-06,999.5504760742188,1002.9618117457326,991.9517213775848,992.7483513409899,1389188,TCS
2017-10-09,1002.59423828125,1008.2524359028818,997.2627916231195,997.2627916231195,1773616,TCS
2017-10-10,1004.6979370117188,1009.0692774075748,1001.4296302124532,1002.9616490246088,1222010,TCS
2017-10-11,1021.48876953125,1027.2490996673168,1003.6764599078606,1005.0042093714611,1527746,TCS
2017-10-12,1041.0374755859375,1043.8155565064071,1024.2057143489483,1026.6569446186306,5006356,TCS
2017-10-13,1045.286376953125,1065.856225289205,1030.7423702002266,1041.0375178022198,4066320,TCS
2017-10-16,1055.8265380859375,1058.1143928858003,1043.8359966056391,1043.8359966056391,1218590,TCS
2017-10-17,1059.9735107421875,1068.3076556610217,1053.0283567295462,1056.0719483928008,1443016,TCS
2017-10-18,1056.7252197265625,1067.776101085401,1054.0288270169444,1060.1569015926245,1514144,TCS
2017-10-19,1055.6224365234375,1060.48410380994,1050.3523305372605,1058.9316377878567,86822,TCS
2017-10-23,1057.256591796875,1074.047561621949,1040.731231803007,1055.6633317729616,1886088,TCS
2017-10-24,1053.375244140625,1070.7381240551342,1049.555470403918,1070.3704794356208,1339020,TCS
2017-10-25,1048.66455078125,1070.8266886656145,1046.657302808204,1056.2840920903927,1105106,TCS
2017-10-26,1040.0413818359375,1052.4537140038105,1031.4591224490364,1038.5051922099783,3007552,TCS
2017-10-27,1058.659912109375,1062.2852593863993,1036.5387829162578,1039.6930720765122,1409270,TCS
2017-10-30,1071.7276611328125,1073.2843530977873,1057.5947183153035,1059.3562355385031,1137252,TCS
2017-10-31,1074.9228515625,1081.4772591939786,1065.6238057378043,1065.6238057378043,1592634,TCS
2017-11-01,1066.259033203125,1076.090646948349,1056.427419457901,1074.9231028111649,741882,TCS
2017-11-02,1075.8035888671875,1095.4054047194727,1067.8564094063147,1068.5732977601888,1468422,TCS
2017-11-03,1073.325439453125,1080.1255785338622,1066.2384649792803,1078.3640611772369,666886,TCS
2017-11-06,1091.9439697265625,1094.5042854909548,1069.9047516242076,1073.2843684332054,1377000,TCS
2017-11-07,1110.173828125,1133.9130646604863,1092.149198484443,1093.7672986428825,2696892,TCS
2017-11-08,1120.3944091796875,1130.2260237392168,1113.5327615183494,1115.478601899923,1402252,TCS
2017-11-09,1120.9676513671875,1126.538938486089,1113.9626874298203,1126.538938486089,1152432,TCS
2017-11-10,1109.64111328125,1116.7075864530457,1103.332533758909,1115.1508940996857,1356566,TCS
2017-11-13,1130.20556640625,1137.7636003986825,1106.8964859607845,1106.8964859607845,1496996,TCS
2017-11-14,1112.0374755859375,1129.2222969680638,1109.1289165385526,1129.2222969680638,1657252,TCS
2017-11-15,1108.2276611328125,1128.587273616271,1106.6095614507858,1108.5143965174698,6670834,TCS
2017-11-16,1125.1663818359375,1131.8642067778235,1100.7102696832667,1110.1527326702503,1653482,TCS
2017-11-17,1109.0469970703125,1125.7607601616037,1107.5313099789423,1125.7607601616037,1325464,TCS
2017-11-20,1107.4697265625,1117.0760116727395,1104.1311146839143,1112.2012102771967,1014498,TCS
2017-11-21,1094.9759521484375,1106.4666756877693,1092.1288994385757,1106.4666756877693,1527740,TCS
2017-11-22,1098.1297607421875,1110.0301298061545,1094.750143538836,1094.9959738858365,1822624,TCS
2017-11-23,1098.3756103515625,1103.1890046346882,1093.3573907797931,1098.2731977072406,793470,TCS
2017-11-24,1101.1611328125,1107.2443832067752,1095.0368773600799,1098.6827270908307,2287512,TCS
2017-11-27,1100.2601318359375,1104.3770404601541,1090.5718348935486,1101.1408406432656,1856786,TCS
2017-11-28,1100.03466796875,1107.0396325322386,1093.7669944028491,1100.3214033580723,911716,TCS
2017-11-29,1088.912109375,1103.1884650151885,1085.5734988081135,1096.8388841731035,1447532,TCS
2017-11-30,1080.2486572265625,1092.5176729783332,1074.513548693695,1087.0692998696377,4299962,TCS
2017-12-01,1077.360595703125,1092.947821328364,1073.8990680705795,1079.4293512744523,1031144,TCS
2017-12-04,1078.343505859375,1089.0558261530725,1066.2997214626994,1074.1035832888306,1259104,TCS
2017-12-05,1079.6544189453125,1086.2702346604108,1076.62294517146,1077.7904891269861,1167914,TCS
2017-12-06,1078.73291015625,1083.5258020190438,1070.3555756591777,1079.8389467380716,1407518,TCS
2017-12-07,1072.15771484375,1083.9146635741215,1071.2360012671338,1078.32297454758,1326300,TCS
2017-12-08,1065.706298828125,1083.5261043245785,1063.8628706733195,1072.4655353957453,1385548,TCS
2017-12-11,1090.1212158203125,1094.8526000848556,1068.5121473808474,1068.5121473808474,1008002,TCS
2017-12-12,1070.06884765625,1090.4899714618605,1068.123007173739,1090.0803208339635,1882246,TCS
2017-12-13,1076.7254638671875,1086.1679290318275,1065.501078820345,1069.7614045284924,2961458,TCS
2017-12-14,1047.803955078125,1078.1999988736964,1036.866307918762,1078.1999988736964,5504150,TCS
2017-12-15,1042.806640625,1058.7215069351887,1039.222197760675,1050.2417592472,2718138,TCS
2017-12-18,1057.1033935546875,1060.5649211885416,1021.8120336934269,1039.2835921132503,2180664,TCS
2017-12-19,1054.9727783203125,1064.1899130471993,1050.630443732943,1055.2595136204643,1801952,TCS
2017-12-20,1060.5643310546875,1062.1210225007896,1044.874701501835,1057.717280916802,1577570,TCS
2017-12-21,1063.330078125,1068.368800676675,1056.9190860246551,1059.7661377877907,1293648,TCS
2017-12-22,1084.2427978515625,1091.268266105107,1061.0770348743079,1066.730233533756,3665664,TCS
2017-12-26,1085.3485107421875,1101.857446100297,1078.0363092335006,1100.3212567061614,2175786,TCS
2017-12-27,1073.2435302734375,1089.0560828982277,1069.3928547699168,1085.348725092399,739284,TCS
2017-12-28,1076.13134765625,1087.0075882991307,1067.4057721117563,1068.6962311781854,2605088,TCS
2017-12-29,1106.548095703125,1109.702385078315,1072.6905162192927,1074.5544463085605,2609542,TCS
2018-01-01,1083.771728515625,1103.926519170367,1079.4293919056718,1098.8058863814408,1351760,TCS
2018-01-02,1077.872314453125,1093.6029527681715,1073.3661592087456,1089.670268186329,1920290,TCS
2018-01-03,1080.9246826171875,1093.3576202522042,1077.872805178343,1078.200545711428,1257120,TCS
2018-01-04,1088.4825439453125,1090.4897916861535,1081.4774793581687,1085.573984961798,913082,TCS
2018-01-05,1101.6319580078125,1105.8513775988172,1085.5736805470885,1085.5736805470885,1153706,TCS
2018-01-08,1111.955322265625,1117.0555512072144,1098.6212779600235,1106.0563948314573,1242220,TCS
2018-01-09,1109.7430419921875,1114.65884727233,1096.4499052162648,1112.2009446322588,2149396,TCS
2018-01-10,1149.72509765625,1153.5757722319233,1103.864645593348,1110.5624710656052,3365850,TCS
2018-01-11,1143.1297607421875,1155.9927468928913,1139.729641469282,1151.1179457751466,2520744,TCS
2018-01-12,1137.33349609375,1149.0699459106766,1122.6679844465011,1149.0699459106766,3360314,TCS
2018-01-15,1124.9415283203125,1150.2988599066184,1120.4148692858023,1137.661099165168,1457214,TCS
2018-01-16,1167.85205078125,1172.2761957275952,1126.7640897503684,1128.99666474895,4267752,TCS
2018-01-17,1183.4595947265625,1198.2275127926748,1172.480943153897,1175.6967390478553,4280806,TCS
2018-01-18,1195.4425048828125,1201.5053544954228,1174.8985648236792,1186.7579311194136,2209478,TCS
2018-01-19,1212.279052734375,1221.5781014451181,1189.4819366084441,1200.5015978663175,1820000,TCS
2018-01-22,1279.661865234375,1287.1762649748148,1199.837019441159,1215.8512712406816,4367110,TCS
2018-01-23,1273.7489013671875,1290.3175321085503,1268.8419906074946,1279.0664339519503,3239610,TCS
2018-01-24,1303.5604248046875,1338.237426895634,1265.8036579757163,1268.8217692742735,5621538,TCS
2018-01-25,1281.571044921875,1305.6950729609098,1265.1256236300555,1303.7240684925112,3833844,TCS
2018-01-29,1313.5177001953125,1324.2554211069803,1281.9613719987574,1285.821177157389,3141060,TCS
2018-01-30,1294.629150390625,1315.5503137682058,1290.8719002829139,1305.7774936089106,1574758,TCS
2018-01-31,1277.9989013671875,1293.4587732717423,1272.352851166398,1288.1206894455415,3043214,TCS
2018-02-01,1288.77783203125,1309.8837558979646,1268.328843002132,1282.7827126724897,2400630,TCS
2018-02-02,1294.9576416015625,1309.8837869222402,1274.3444434371966,1281.140255547771,2456490,TCS
2018-02-05,1274.241455078125,1309.0622011820428,1263.4216316013408,1277.0337031606502,2757742,TCS
2018-02-06,1230.736328125,1263.544973525982,1225.7062105106766,1235.9717566623572,2657306,TCS
2018-02-07,1213.407958984375,1244.5946643577663,1210.2871932332807,1242.9521771728664,2180324,TCS
2018-02-08,1221.271484375,1243.1987512815572,1215.0300523143246,1223.5504556889518,2755004,TCS
2018-02-09,1220.2449951171875,1229.401882898761,1189.4278036205474,1211.3345205582316,2102458,TCS
2018-02-12,1218.4381103515625,1241.4534827289615,1213.6133041098462,1222.9549502374246,1974562,TCS
2018-02-14,1195.64892578125,1221.3743489495585,1187.7239026814802,1219.54710145687,2847532,TCS
2018-02-15,1201.41796875,1208.4600933122235,1192.8975654417334,1203.9227018620227,2465236,TCS
2018-02-16,1204.3741455078125,1231.7010430569696,1200.2473768648701,1200.2473768648701,2515756,TCS
2018-02-19,1200.494140625,1212.6895901282571,1188.8324193537783,1209.2814085534058,1568224,TCS
2018-02-20,1209.178466796875,1225.7265443090005,1202.2594498177216,1202.3005520948298,1889068,TCS
2018-02-21,1249.2353515625,1257.5709983519437,1215.4616914971182,1221.189848443107,3089228,TCS
2018-02-22,1252.4786376953125,1264.3045659948489,1241.1044334912085,1253.2177770108085,3463010,TCS
2018-02-23,1262.990966796875,1268.4111562850019,1228.6219309124735,1252.3969008317433,3362500,TCS
2018-02-26,1244.8822021484375,1268.8009241338098,1240.5706728635207,1262.6621477256558,1363882,TCS
2018-02-27,1249.2550048828125,1264.1194907987554,1245.005030066286,1248.7006254721555,1717800,TCS
2018-02-28,1246.2578125,1258.1247433568049,1240.673315479462,1246.2372613584855,2706864,TCS
2018-03-01,1247.345947265625,1256.9955605361633,1240.0779607245183,1251.985994122204,1718124,TCS
2018-03-05,1275.3299560546875,1278.532726393427,1245.395562027604,1251.9860629928935,2858168,TCS
2018-03-06,1249.4403076171875,1284.0146507239772,1244.2458805561891,1281.9615412728674,1906764,TCS
2018-03-07,1243.1375732421875,1268.4113777863438,1239.4625263347616,1260.6095596646408,1917772,TCS
2018-03-08,1233.48779296875,1254.4089613784781,1226.733081906562,1254.4089613784781,1951826,TCS
2018-03-09,1245.867431640625,1257.8164638392118,1222.5029950436833,1233.9182991925923,1872436,TCS
2018-03-12,1253.2791748046875,1266.3164157899657,1246.44236254526,1249.522025770129,2091340,TCS
2018-03-13,1185.383056640625,1207.104910207061,1179.305833825891,1201.0276873923272,88067154,TCS
2018-03-14,1185.4244384765625,1200.26848175714,1180.5586286373002,1187.9087212634417,3668668,TCS
2018-03-15,1178.3614501953125,1191.8504174643363,1172.5717425189303,1188.750202585592,2348906,TCS
2018-03-16,1160.29443359375,1179.30625008478,1151.794579208847,1177.9922798838893,7197482,TCS
2018-03-19,1162.470458984375,1169.4510304441892,1157.9536186280245,1161.6492152832204,3489940,TCS
2018-03-20,1176.3699951171875,1179.7986272635746,1157.5429440264056,1157.9535658582704,4024984,TCS
2018-03-21,1173.044189453125,1184.356843587012,1170.2724914470662,1179.5114848005956,3907678,TCS
2018-03-22,1162.6141357421875,1180.9278088524889,1159.000643658934,1174.3578597009257,2326094,TCS
2018-03-23,1157.193603515625,1163.7431003948009,1148.9401667837683,1150.562102588706,3654122,TCS
2018-03-26,1156.7218017578125,1160.9922290837508,1142.1652765921194,1157.54304549353,2964210,TCS
2018-03-27,1169.32763671875,1175.6101700771223,1159.2058498215372,1160.006542252138,2494574,TCS
2018-03-28,1169.92333984375,1180.5379560001022,1160.006861113144,1164.482599698706,6865654,TCS
2018-04-02,1194.7657470703125,1196.5519920999677,1166.1659772010667,1166.1659772010667,1662988,TCS
2018-04-03,1195.4229736328125,1203.0810317582661,1187.559604562982,1187.559604562982,1937290,TCS
2018-04-04,1195.2789306640625,1204.7643341307246,1187.5182189182194,1202.8959849328112,2841820,TCS
2018-04-05,1214.5986328125,1216.9802591054315,1199.1593145590132,1201.7051494585794,1809424,TCS
2018-04-06,1211.457275390625,1215.4402860077212,1201.705009582286,1212.976555698246,1129018,TCS
2018-04-09,1200.6173095703125,1216.877976588584,1196.962814832368,1207.1051555119252,1235866,TCS
2018-04-10,1206.24267578125,1214.3113542922824,1201.3562160657314,1201.3562160657314,1184532,TCS
2018-04-11,1237.6756591796875,1242.1309458123865,1209.5276149708484,1211.580723972191,3124416,TCS
2018-04-12,1289.0447998046875,1293.458985230474,1235.1301242751833,1235.9719192202308,6114360,TCS
2018-04-13,1294.813720703125,1330.7431276124448,1286.1085587361306,1293.4586487355098,8179118,TCS
2018-04-16,1308.918701171875,1313.9693699810884,1277.341920979666,1279.4976856940093,6270274,TCS
2018-04-17,1300.275146484375,1311.916215389831,1292.309022713186,1308.918655935968,3301724,TCS
2018-04-18,1297.1956787109375,1311.3004807644973,1291.754938559756,1300.0289297087393,2433066,TCS
2018-04-19,1310.3558349609375,1321.0525538640138,1299.9260804015776,1305.736339294976,4820952,TCS
2018-04-20,1397.1204833984375,1405.2919194738965,1330.4149748483023,1334.521193906476,18465662,TCS
2018-04-23,1399.6661376953125,1460.9514491928026,1391.8233204607295,1405.9692232321981,15185910,TCS
2018-04-24,1390.221923828125,1413.8326818585933,1372.5036298580967,1400.2206066764727,8314336,TCS
2018-04-25,1424.960693359375,1430.196122749284,1381.7632881686113,1389.9551752817476,8196574,TCS
2018-04-26,1453.2930908203125,1461.8134924970861,1423.6256681144375,1423.6256681144375,12135034,TCS
2018-04-27,1417.4459228515625,1455.2436801352158,1404.3265762027195,1447.4418658229783,4501330,TCS
2018-04-30,1450.357421875,1457.2968907789207,1411.5536585110642,1417.4460216870161,3458558,TCS
2018-05-02,1437.07373046875,1450.3983886255028,1425.3915596101972,1449.7003515736615,3158046,TCS
2018-05-03,1429.723876953125,1447.8527934129397,1425.0221760829245,1441.2007388022328,3761550,TCS
2018-05-04,1429.27197265625,1435.9445775706115,1424.8577878667493,1433.8914683661926,2347244,TCS
2018-05-07,1404.7166748046875,1433.0701311163527,1400.589905523356,1433.0701311163527,3484426,TCS
2018-05-08,1413.0318603515625,1431.6330498139255,1394.759188412162,1410.362818382886,2992820,TCS
2018-05-09,1432.7828369140625,1435.0207059398874,1412.6212640403548,1412.6212640403548,2615050,TCS
2018-05-10,1417.15869140625,1441.7549006698011,1412.6212998126996,1438.3878214746314,3858678,TCS
2018-05-11,1419.4990234375,1431.0169850745783,1413.5655584273275,1418.369813477972,2627876,TCS
2018-05-14,1409.8905029296875,1425.2682693060442,1400.5488569698164,1419.5195640999698,2433894,TCS
2018-05-15,1429.949462890625,1435.4518557246852,1409.9521992293915,1416.6453553058034,1952890,TCS
2018-05-16,1434.671875,1440.8723060434434,1427.0138163515178,1428.9437193105691,1648450,TCS
2018-05-17,1433.8092041015625,1450.788355178341,1427.3213596894454,1442.4938149676673,2968048,TCS
2018-05-18,1438.0184326171875,1444.444625197303,1419.9305180273525,1429.2927173169905,1874996,TCS
2018-05-21,1460.4793701171875,1474.9537913716,1444.5883234281973,1448.961406345695,3446178,TCS
2018-05-22,1440.8309326171875,1467.9525251678533,1434.5895007062686,1460.9925050377617,1857416,TCS
2018-05-23,1435.1644287109375,1455.6544183647168,1429.3746206847895,1447.4419815897395,1507298,TCS
2018-05-24,1479.7578125,1484.3978590526026,1438.141351760335,1441.2825685407013,2962316,TCS
2018-05-25,1472.40771484375,1508.9530561446184,1466.9669758298567,1488.5040698387336,3769772,TCS
2018-05-28,1438.0184326171875,1485.0140886194101,1431.4279311287885,1485.0140886194101,3716798,TCS
2018-05-29,1446.826171875,1455.2439202852277,1432.2490953597276,1449.4541117666934,3525312,TCS
2018-05-30,1442.9664306640625,1450.727144322461,1429.990738778084,1440.8927700597278,3779106,TCS
2018-05-31,1441.7242431640625,1456.6296368340609,1429.3444249935005,1435.8862568765117,5049371,TCS
2018-06-01,1434.6025390625,1455.3459167445849,1421.2291709647473,1452.4476460711248,1603856,TCS
2018-06-04,1444.3739013671875,1448.3072687351073,1418.1652333200004,1444.9949593726485,1681483,TCS
2018-06-05,1425.6177978515625,1450.7085793906624,1416.964430874002,1444.1667487866534,2449568,TCS
2018-06-06,1429.0545654296875,1436.6314938160174,1420.318308472806,1426.7773525918305,2236512,TCS
2018-06-07,1437.1695556640625,1448.3071545840353,1427.439647678721,1428.433299975678,2414762,TCS
2018-06-08,1446.7342529296875,1455.1807045054852,1436.714534891561,1436.714534891561,2582138,TCS
2018-06-11,1448.8865966796875,1459.9000635711675,1443.3385200252667,1446.7336162354484,2179378,TCS
2018-06-12,1474.8057861328125,1478.118095590719,1451.619619927468,1454.9319293853741,4608875,TCS
2018-06-13,1510.4957275390625,1516.7477513591555,1488.882931015249,1503.7883218707964,5370983,TCS
2018-06-14,1480.2296142578125,1517.2860733379164,1477.2898994168786,1515.3814551193318,3819998,TCS
2018-06-15,1523.7037353515625,1529.5416198926243,1481.099095965172,1490.5391977677662,9183574,TCS
2018-06-18,1514.5533447265625,1546.806914340723,1508.8810355767666,1546.806914340723,4674987,TCS
2018-06-19,1510.8275146484375,1522.8346393195268,1507.9292431761055,1508.881552590895,3245034,TCS
2018-06-20,1509.12939453125,1520.5983456959912,1505.9413172283698,1517.0375729679004,3107695,TCS
2018-06-21,1506.5626220703125,1517.0378215680703,1505.113486596653,1517.0378215680703,2910659,TCS
2018-06-22,1498.6544189453125,1512.8973088413895,1490.1666261617195,1512.8973088413895,2949458,TCS
2018-06-25,1506.47998046875,1509.0470004825781,1495.5079536768242,1500.3936311065684,2083217,TCS
2018-06-26,1533.5994873046875,1541.052184597205,1507.9290855193499,1509.5852404732427,4679712,TCS
2018-06-27,1538.567626953125,1561.0499459167759,1532.9781051652167,1540.2237815569497,4081208,TCS
2018-06-28,1525.8980712890625,1549.3327004031294,1512.3176838039797,1544.3642363719061,4888125,TCS
2018-06-29,1530.0802001953125,1546.351943282479,1525.5672182550516,1527.720199537711,3506276,TCS
2018-07-02,1533.0611572265625,1538.4023173957705,1524.5733634172914,1533.5994277824213,2650290,TCS
2018-07-03,1551.8580322265625,1556.7022633649162,1537.7807205964123,1540.1820634781755,3242233,TCS
2018-07-04,1545.316650390625,1556.7027145681514,1537.8639538380621,1556.7027145681514,2700614,TCS
2018-07-05,1557.0340576171875,1562.996174777572,1541.962987493632,1550.9890518455059,2472571,TCS
2018-07-06,1584.0701904296875,1590.7362521174616,1558.1514355196023,1559.145087695486,3713781,TCS
2018-07-09,1559.269775390625,1593.5522006531219,1553.8872721829568,1593.2209494697624,6151747,TCS
2018-07-10,1552.727783203125,1572.4360641151723,1549.1256670298633,1571.6907743005108,5303302,TCS
2018-07-11,1639.510498046875,1654.4986790770351,1568.5028595429433,1573.3470922153988,22903802,TCS
2018-07-12,1632.4305419921875,1648.6194973779423,1623.4459214297783,1642.9057424721655,6921701,TCS
2018-07-13,1640.5037841796875,1654.415522111435,1634.6244560489258,1635.4525332809667,4148185,TCS
2018-07-16,1647.211181640625,1652.84214722495,1637.4812742108188,1647.8736838565383,2582159,TCS
2018-07-17,1661.275634765625,1666.9593734469897,1643.7264901933731,1650.3644568372636,3315492,TCS
2018-07-18,1659.6993408203125,1669.1998914576757,1653.7252104796553,1663.6406340931017,2013869,TCS
2018-07-19,1644.058349609375,1668.162404345039,1634.5992272248213,1661.2340471673133,1746318,TCS
2018-07-20,1656.670654296875,1659.4918106324185,1646.2158761473593,1646.9626677196122,1934995,TCS
2018-07-23,1664.179931640625,1667.747778339087,1647.8754039872101,1660.3215928390773,2086201,TCS
2018-07-24,1658.6619873046875,1671.9379211700577,1646.3402814433582,1671.9379211700577,2038423,TCS
2018-07-25,1644.1416015625,1661.151393554441,1633.2719498641436,1661.068439216828,1535492,TCS
2018-07-26,1630.201416015625,1647.0452950644622,1622.2358771634576,1638.706309856638,3503036,TCS
2018-07-27,1612.8189697265625,1630.1606833434105,1609.956386218071,1627.0076076722144,2033977,TCS
2018-07-30,1613.5234375,1621.9038486543186,1602.6953170918198,1612.1958646625274,1579251,TCS
2018-07-31,1609.8731689453125,1615.5154823312625,1599.7503081328578,1611.3667522790508,2204803,TCS
2018-08-01,1639.992431640625,1644.1826880825884,1617.8382612145945,1617.962642043957,2425180,TCS
2018-08-02,1616.67626953125,1647.0449367729793,1613.8551143694938,1642.8962089725437,1509287,TCS
2018-08-03,1642.4404296875,1644.5978499896564,1623.3978023951424,1623.3978023951424,1505131,TCS
2018-08-06,1639.2044677734375,1658.620439790998,1636.4662659313015,1657.0024758853133,1532249,TCS
2018-08-07,1632.400390625,1642.1914316474233,1626.7166521132867,1641.4031123595917,1353521,TCS
2018-08-08,1637.91796875,1641.4859156811492,1627.9610206117022,1636.258477393617,1315062,TCS
2018-08-09,1638.208740234375,1643.5606618749987,1631.2803824686414,1642.89682466323,2060297,TCS
2018-08-10,1653.76611328125,1656.5872688826657,1636.3000272918161,1643.684682897604,2784105,TCS
2018-08-13,1659.61572265625,1663.017659441928,1651.1937843529681,1657.6658407060584,3559575,TCS
2018-08-14,1662.4376220703125,1679.903714421976,1644.8884740896026,1652.8540153519004,3311765,TCS
2018-08-16,1666.54443359375,1676.1280380658675,1655.342865332104,1659.7405585719782,2152065,TCS
2018-08-17,1670.07080078125,1677.662994844279,1662.8105252841262,1670.9835008719947,1213731,TCS
2018-08-20,1667.7476806640625,1679.40565072081,1662.5617689461747,1679.40565072081,1587032,TCS
2018-08-21,1674.1365966796875,1679.4054621359392,1662.8105465021847,1667.9135033170296,1376866,TCS
2018-08-23,1688.6158447265625,1691.0221280710798,1676.3356662960953,1678.4100310263102,3046791,TCS
2018-08-24,1695.1705322265625,1697.6597694251332,1685.2135834322803,1688.6155206795293,1570533,TCS
2018-08-27,1701.7257080078125,1708.446730522496,1688.5328298267505,1695.1707967253324,1532702,TCS
2018-08-28,1716.9100341796875,1719.2333630230303,1702.6384463915338,1705.1276838862582,1987983,TCS
2018-08-29,1719.2333984375,1723.050310371235,1697.3280877752309,1719.6482713618332,1525867,TCS
2018-08-30,1727.8629150390625,1730.020335576135,1713.8402892721856,1715.9146541829482,2408020,TCS
2018-08-31,1724.5438232421875,1735.8284486803086,1720.8930222576291,1727.7799538452462,2504554,TCS
2018-09-03,1703.38525390625,1734.1689074073238,1699.6513974070476,1729.8542693009592,1439711,TCS
2018-09-04,1741.5535888671875,1746.4076834131395,1706.745788869388,1709.1106457147866,4420803,TCS
2018-09-05,1725.2490234375,1748.4819067638196,1721.7641314534853,1742.466249473969,1681106,TCS
2018-09-06,1721.9715576171875,1727.1159412366128,1709.5253701953525,1721.7225933538177,2238097,TCS
2018-09-07,1725.7474365234375,1729.1908016676946,1713.7574438091012,1725.2910356721602,1312182,TCS
2018-09-10,1726.493896484375,1736.9901017890045,1721.100547774944,1729.522388191331,1530539,TCS
2018-09-11,1697.86767578125,1733.3393156784514,1694.5071641181544,1733.3393156784514,3679745,TCS
2018-09-12,1695.9588623046875,1716.660979193484,1692.6814069581064,1702.9288484663668,2307661,TCS
2018-09-14,1713.7569580078125,1718.8600164123395,1674.5515687874808,1696.0004782574879,3642038,TCS
2018-09-17,1721.0172119140625,1724.0459057025482,1704.7543153831662,1717.5738477901455,1033857,TCS
2018-09-18,1718.1961669921875,1724.8756613978783,1707.285090424107,1720.0630950983,1456507,TCS
2018-09-19,1724.1287841796875,1733.3390439495442,1714.9602547910515,1719.150309185098,1301268,TCS
2018-09-21,1745.0799560546875,1759.8910009539727,1701.1034246777142,1723.3821824523345,4508530,TCS
2018-09-24,1824.154541015625,1834.1530180232855,1740.9310000674286,1754.9122972717705,3032226,TCS
2018-09-25,1811.5009765625,1835.314640330329,1787.1065312539254,1829.5064197735583,2868778,TCS
2018-09-26,1777.4404296875,1824.6115739175766,1771.5908820628201,1814.6546212631831,1970951,TCS
2018-09-27,1816.189453125,1833.489534156052,1772.1713911880158,1777.2327197972925,3311802,TCS
2018-09-28,1811.9158935546875,1817.143332697929,1791.296831621154,1807.186382929721,2904371,TCS
2018-10-01,1871.533447265625,1888.4601829756646,1817.434053886326,1817.890252081819,3772208,TCS
2018-10-03,1794.6158447265625,1871.076841730148,1788.6001874748802,1867.1770768543352,3902322,TCS
2018-10-04,1713.2596435546875,1789.4716948785147,1706.24833011492,1789.430369636779,4762419,TCS
2018-10-05,1744.6649169921875,1759.0610875831674,1676.8332994540804,1700.9788818610816,3417624,TCS
2018-10-08,1723.8385009765625,1760.8865715000215,1699.4438518692143,1744.664999901829,2010154,TCS
2018-10-09,1735.662841796875,1748.8141952498045,1703.6345629806387,1726.1622899632782,1867130,TCS
2018-10-10,1695.6689453125,1747.403589374508,1683.5546736844155,1742.4666410730767,2749573,TCS
2018-10-11,1642.855224609375,1670.2783649563032,1610.5366648684474,1647.0454815888038,4700256,TCS
2018-10-12,1591.7015380859375,1641.2373258590642,1579.0063857986852,1641.2373258590642,9373289,TCS
2018-10-15,1617.589599609375,1622.6096027186359,1593.1120960502694,1609.7070137174596,2638151,TCS
2018-10-16,1628.21044921875,1636.1759897438103,1605.558345228496,1624.6425012699717,2815425,TCS
2018-10-17,1600.9117431640625,1650.3645780352526,1593.1121115272424,1634.5994060982644,2779207,TCS
2018-10-19,1587.4696044921875,1600.5796284856428,1551.6661546930422,1600.5796284856428,3428776,TCS
2018-10-22,1579.0059814453125,1589.792674960178,1565.6885231678039,1588.1331836501986,1778496,TCS
2018-10-23,1532.9833984375,1578.1750612668948,1527.4539449669576,1569.8601241685444,2752811,TCS
2018-10-24,1537.0157470703125,1558.2188314902708,1505.9178696209058,1539.967589619242,2735913,TCS
2018-10-25,1540.757568359375,1560.6302847651714,1517.5173639323154,1533.2741263112182,2507233,TCS
2018-10-26,1495.9398193359375,1541.5057001963646,1489.2878718527022,1541.5057001963646,2285970,TCS
2018-10-29,1555.724609375,1561.5034496059143,1483.6756647550633,1503.9225147052093,2609483,TCS
2018-10-30,1575.5140380859375,1587.6538237617838,1534.1056181977274,1552.3984765177001,2404883,TCS
2018-10-31,1611.559326171875,1616.340414327468,1559.424617035695,1579.8378253263695,2769190,TCS
2018-11-01,1609.563720703125,1616.7145452941402,1580.9188070591915,1616.1325403800172,2769759,TCS
2018-11-02,1591.021484375,1625.2374683808698,1583.9954036310855,1608.2749776166509,1818635,TCS
2018-11-05,1572.2301025390625,1602.5796276117183,1567.1580104298023,1588.1532298293791,1713366,TCS
2018-11-06,1607.0274658203125,1611.0186752676964,1572.3542270612716,1574.8487075907185,1398710,TCS
2018-11-07,1614.885498046875,1620.5812095504407,1610.6032852227827,1613.0977663046972,144530,TCS
2018-11-09,1587.4876708984375,1631.3489619007196,1583.9954380918975,1630.5590835161213,2570479,TCS
2018-11-12,1592.1854248046875,1618.1695985830647,1586.905460993057,1586.905460993057,2552008,TCS
2018-11-13,1608.8984375,1612.266027047948,1582.3322586241595,1592.310181432089,1418432,TCS
2018-11-14,1563.748291015625,1604.6993464128216,1554.8928648275687,1600.6250079107326,2422318,TCS
2018-11-15,1557.2625732421875,1579.0061484565601,1544.5822974317807,1549.9038761048068,1829123,TCS
2018-11-16,1568.69580078125,1579.671577168925,1555.1009007619334,1570.691405715435,1829729,TCS
2018-11-19,1581.8751220703125,1585.9494614311814,1550.1537191551836,1579.0065094543618,1740628,TCS
2018-11-20,1561.7530517578125,1581.5010272558816,1558.3854616515475,1581.5010272558816,1190182,TCS
2018-11-21,1506.6663818359375,1555.766118819992,1495.4828336747903,1555.7245035403087,3840461,TCS
2018-11-22,1507.1241455078125,1536.267942639998,1504.9621804018304,1513.318733790352,3194219,TCS
2018-11-26,1535.020263671875,1546.5780446281028,1483.8002799133599,1512.486808160494,4333177,TCS
2018-11-27,1571.7308349609375,1578.0917815340288,1526.081814349013,1541.589190857071,3344839,TCS
2018-11-28,1649.6004638671875,1653.8410616739034,1565.2869776777895,1570.691687029665,5313249,TCS
2018-11-29,1630.184814453125,1660.4927155054168,1615.2179296864263,1660.4927155054168,4035441,TCS
2018-11-30,1636.58740234375,1655.5038831786644,1629.6028352737972,1634.7165416018354,5268901,TCS
2018-12-03,1648.353271484375,1654.6726038421236,1636.6292296165893,1649.683641217474,1610576,TCS
2018-12-04,1672.009033203125,1679.118344712447,1638.8740306113993,1648.8519546942694,3270615,TCS
2018-12-05,1668.5999755859375,1677.954279672317,1650.5149876856042,1667.9763553135122,2501539,TCS
2018-12-06,1656.917236328125,1677.122571167049,1646.0246905983713,1661.324192955758,2321216,TCS
2018-12-07,1658.995849609375,1666.2299042170896,1640.5367338530623,1650.5562714847206,1680420,TCS
2018-12-10,1642.865478515625,1672.1340194593342,1629.7278359723,1642.2002428802514,2010786,TCS
2018-12-11,1662.9871826171875,1671.3021185302734,1630.5589325561525,1638.0423748779297,2942014,TCS
2018-12-12,1676.9564208984375,1681.2801472445872,1650.4732671510317,1663.9019097943942,2219993,TCS
2018-12-13,1648.519287109375,1687.682617651055,1641.7842088570983,1682.9431444551872,3748429,TCS
2018-12-14,1654.46435546875,1662.114055826041,1642.4076985247634,1648.8517737879286,2473761,TCS
2018-12-17,1658.2479248046875,1667.0617377154829,1650.514992802363,1662.1559045903896,1227921,TCS
2018-12-18,1652.8843994140625,1664.6500532071452,1643.3638390606754,1656.2519888232682,1768742,TCS
2018-12-19,1636.75341796875,1650.3484185462644,1629.7689534343322,1650.3484185462644,2498833,TCS
2018-12-20,1624.7802734375,1642.116896444675,1618.0867086826001,1624.572400016549,1940277,TCS
2018-12-21,1576.345458984375,1621.41236725868,1568.6541439089171,1619.7493802153376,3729956,TCS
2018-12-24,1595.22021484375,1612.1827018537153,1583.9950530504789,1584.6602884236804,1864116,TCS
2018-12-26,1570.8577880859375,1597.964562709723,1555.101023766881,1597.964562709723,2446614,TCS
2018-12-27,1587.279541015625,1614.5109542521793,1556.6390245900493,1587.3211562925921,4968201,TCS
2018-12-28,1576.5535888671875,1596.4678213509505,1574.0174926132029,1592.3103530661824,2239130,TCS
2018-12-31,1574.0589599609375,1587.3212419426375,1568.3216339670328,1586.4897483638304,1879740,TCS
2019-01-01,1582.166259765625,1588.1529738310971,1567.365631241685,1576.5120619810264,1094883,TCS
2019-01-02,1599.2117919921875,1608.4828650723086,1579.837949173104,1583.9954174604018,2100463,TCS
2019-01-03,1579.7965087890625,1617.2137275171976,1574.1007969050313,1595.636505317587,2611668,TCS
2019-01-04,1560.5887451171875,1580.8355940063368,1530.7797198142066,1579.8378422851672,4280862,TCS
2019-01-07,1578.0916748046875,1587.154975063778,1564.039413100301,1573.019584302106,1856423,TCS
2019-01-08,1574.4749755859375,1585.159649597839,1565.952164947928,1584.3281558770575,1691756,TCS
2019-01-09,1568.9866943359375,1595.636102886978,1552.1489501548738,1585.9907981253682,2414376,TCS
2019-01-10,1570.3172607421875,1583.995289703925,1556.6391302797679,1571.5228858479884,3053461,TCS
2019-01-11,1532.0687255859375,1559.0506549879854,1525.7909076815752,1554.8931865746843,9209862,TCS
2019-01-14,1507.7056884765625,1539.0945701751648,1505.0033344230405,1538.2630766202349,3615370,TCS
2019-01-15,1553.0638427734375,1554.3525969995742,1503.3404830972684,1505.0034703573317,7711653,TCS
2019-01-16,1555.0179443359375,1559.0506684314746,1535.7688451162314,1554.8931999823242,2359280,TCS
2019-01-17,1578.4747314453125,1581.5578118876103,1559.3093838829232,1564.8922922681413,2625816,TCS
2019-01-18,1583.765869140625,1586.723937572348,1563.2255977392604,1567.3919772641518,1683728,TCS
2019-01-21,1590.4735107421875,1609.8888779597432,1579.4326061702586,1584.8906034572626,2409803,TCS
2019-01-22,1584.8072509765625,1598.4312898478308,1574.891248696677,1589.140244412666,2457093,TCS
2019-01-23,1562.892333984375,1588.30725017493,1558.226009060252,1584.0575632211437,2578169,TCS
2019-01-24,1584.5162353515625,1587.5993162862226,1562.3927138363297,1570.5588604412912,1962927,TCS
2019-01-25,1600.5565185546875,1612.3889966021393,1584.0576137161067,1584.890889683343,2327080,TCS
2019-01-28,1629.054443359375,1634.8873748701246,1604.4728034212158,1610.7223728970189,2769033,TCS
2019-01-29,1652.177490234375,1657.4271681368868,1613.7634985745892,1634.8870184540883,2557626,TCS
2019-01-30,1651.052734375,1657.8022481908624,1628.7626061321723,1649.5527972078128,2429575,TCS
2019-01-31,1678.301025390625,1683.0090547250895,1654.052716241764,1655.7192680969194,4094319,TCS
2019-02-01,1691.5084228515625,1695.5081879778825,1664.9686049904726,1674.4679708767933,3064163,TCS
2019-02-04,1708.424072265625,1712.75706665979,1685.7173018867745,1691.5085292410492,1590764,TCS
2019-02-05,1703.6741943359375,1712.3818863554106,1689.8834382135149,1708.2155070698745,1111404,TCS
2019-02-06,1728.880859375,1738.9218745490869,1700.7577980530846,1708.132167626711,1789812,TCS
2019-02-07,1735.6302490234375,1748.1710917043463,1722.381243906447,1728.8391319762463,1339945,TCS
2019-02-08,1717.71484375,1741.1299777082806,1709.0488558409588,1729.0474772647437,1684474,TCS
2019-02-11,1721.464599609375,1746.5462855619394,1707.298909316172,1716.5483531763334,1778730,TCS
2019-02-12,1709.5489501953125,1724.8811456711214,1681.5507980503976,1724.8811456711214,2422903,TCS
2019-02-14,1703.7159423828125,1729.0475509426835,1694.0916664434567,1716.5901165039159,1724085,TCS
2019-02-15,1691.3004150390625,1709.8825122680755,1675.6764885746245,1707.3826840337656,1930065,TCS
2019-02-18,1641.803466796875,1701.5076007604264,1635.4288861275202,1697.8828711149486,2942184,TCS
2019-02-19,1587.223876953125,1642.386697438023,1576.5579054047384,1641.5534215895004,4408554,TCS
2019-02-20,1595.51513671875,1611.3890843675317,1567.642096678416,1595.7234557077459,4645778,TCS
2019-02-21,1595.0570068359375,1616.5555700528137,1580.7664036608596,1595.515349360116,4683919,TCS
2019-02-22,1604.5977783203125,1608.222508189421,1587.4739176623943,1597.5565358415897,2271955,TCS
2019-02-25,1654.177490234375,1658.2188575586465,1608.6389469934509,1610.3054986090876,2934880,TCS
2019-02-26,1698.7994384765625,1704.1741287519326,1643.4282988085167,1653.2192900677385,6453309,TCS
2019-02-27,1714.96533203125,1729.0059098738968,1684.8839885465893,1699.8829558036807,4732082,TCS
2019-02-28,1652.760986328125,1726.0060574810766,1647.8863428244172,1716.548294966736,8454295,TCS
2019-03-01,1662.71875,1670.7181782905593,1650.1779070267787,1662.4271237788612,4148548,TCS
2019-03-05,1656.635986328125,1672.3849229869006,1647.0533123797695,1670.7183709958822,2449622,TCS
2019-03-06,1666.2181396484375,1679.0506063132866,1654.0940387330434,1657.6354606074015,2635047,TCS
2019-03-07,1677.6341552734375,1686.5918698374871,1666.7181612673107,1670.7179256669242,2539884,TCS
2019-03-08,1685.4669189453125,1694.0497003673759,1674.9260614563277,1687.3834939714393,2031071,TCS
2019-03-11,1678.884033203125,1694.0496112689532,1669.5929881838028,1690.633201014369,3111689,TCS
2019-03-12,1676.9259033203125,1687.2169411949396,1669.0514874144653,1678.259226022845,2658550,TCS
2019-03-13,1666.96826171875,1679.8007295657565,1648.7195010943522,1677.38420936758,1833163,TCS
2019-03-14,1656.0523681640625,1673.0512150627756,1650.719382626669,1670.6762976253444,1905495,TCS
2019-03-15,1699.841064453125,1724.0060645997328,1659.0522514446839,1665.6351511386156,5184318,TCS
2019-03-18,1685.550048828125,1720.3810121673248,1675.7173553347948,1702.3821765037223,2349915,TCS
2019-03-19,1685.550048828125,1691.5495929038455,1662.4682519728397,1691.5495929038455,2373993,TCS
2019-03-20,1679.092529296875,1703.8824856434346,1666.5516871636714,1689.8834107839627,3091165,TCS
2019-03-22,1671.2598876953125,1679.8842732186324,1652.6361910218816,1679.0509972894565,3148149,TCS
2019-03-25,1653.427490234375,1673.0511758227756,1647.5528552136284,1673.0511758227756,2429205,TCS
2019-03-26,1652.0943603515625,1662.3435921267592,1631.595795082927,1653.219262389076,2316539,TCS
2019-03-27,1639.8037109375,1664.8852959024905,1634.0540867191112,1661.55219220699,2266166,TCS
2019-03-28,1666.8018798828125,1678.7176646252426,1643.8867918570782,1649.8863378528783,4054489,TCS
2019-04-01,1692.9248046875,1699.840932818103,1673.4261305631098,1674.8843632176524,2095740,TCS
2019-04-02,1732.63037109375,1738.2132781358473,1697.3827648910456,1697.466072125449,3719663,TCS
2019-04-03,1732.63037109375,1741.2131523202574,1714.9649652343135,1737.380002355341,2939886,TCS
2019-04-04,1678.634033203125,1732.9635725430562,1672.7177955990219,1731.6719544164655,4397518,TCS
2019-04-05,1706.798828125,1711.8816883427494,1682.2171925103867,1690.4249386346698,3152103,TCS
2019-04-08,1725.5059814453125,1729.047403838717,1693.7997943888276,1715.7149901223704,2194294,TCS
2019-04-09,1742.796875,1748.2131693760457,1714.5903990670536,1724.8814397561557,2690970,TCS
2019-04-10,1700.091064453125,1737.7967969204717,1696.549642066689,1735.7136072813917,3313062,TCS
2019-04-11,1682.8006591796875,1712.3819532628163,1677.9260155687932,1704.0491943661602,3422442,TCS
2019-04-12,1678.634033203125,1699.0492895016987,1672.3844649484597,1698.21601373441,3198471,TCS
2019-04-15,1760.9619140625,1766.3782071476933,1700.7160287506683,1724.8810286692228,9189201,TCS
2019-04-16,1776.3778076171875,1796.5013415307656,1762.837072692424,1766.5451101845165,5771952,TCS
2019-04-18,1791.5850830078125,1795.7097584710566,1761.7120573913537,1791.4599695473983,3413728,TCS
2019-04-22,1801.0843505859375,1813.2085569458345,1787.877048186641,1789.876829191017,2007135,TCS
2019-04-23,1795.751220703125,1804.4589129367168,1778.2524272735839,1802.375723242724,2163524,TCS
2019-04-24,1819.4161376953125,1829.0405145754792,1796.6261649628375,1798.209307723865,3003071,TCS
2019-04-25,1829.040283203125,1837.3730407575813,1806.5835422811585,1812.3747680942126,4211526,TCS
2019-04-26,1865.330322265625,1869.8299319948528,1827.4994638861401,1835.7073151446364,2716958,TCS
2019-04-30,1883.4947509765625,1888.9942483627344,1858.288161839721,1865.329300597269,3488395,TCS
2019-05-02,1846.0396728515625,1882.7038189136513,1842.456748599268,1879.0374856820563,2457699,TCS
2019-05-03,1776.5440673828125,1821.5826666264134,1770.711136579961,1820.7076863186892,3780886,TCS
2019-05-06,1798.0843505859375,1804.0421914602773,1756.9621065561178,1758.2120203146353,2891422,TCS
2019-05-07,1793.1678466796875,1820.1661051065876,1782.2103511036637,1799.917462145532,2201698,TCS
2019-05-08,1793.9180908203125,1806.5421392471872,1775.2108842398877,1792.376449040913,1824895,TCS
2019-05-09,1810.3336181640625,1819.9579956076432,1779.9607519451797,1787.3768261663276,2264162,TCS
2019-05-10,1779.7103271484375,1826.5403820221147,1771.4192744045606,1812.3746947527827,2039633,TCS
2019-05-13,1773.8360595703125,1805.7088625197262,1767.9197193475868,1777.3774821202474,1701744,TCS
2019-05-14,1743.5048828125,1799.7093006799294,1726.8393650794449,1779.044018003642,2456110,TCS
2019-05-15,1746.0458984375,1769.8776658971394,1736.963274276171,1747.3792209916674,2346876,TCS
2019-05-16,1757.1707763671875,1769.8782354493924,1730.755967683614,1746.546507298459,1946529,TCS
2019-05-17,1746.0877685546875,1779.043867776198,1741.5464560432104,1760.3785708659245,1947908,TCS
2019-05-20,1786.5020751953125,1792.7099408320003,1708.2158341189704,1770.7115353672255,2625116,TCS
2019-05-21,1758.00341796875,1790.4594659791173,1752.0038735822757,1789.9179181456495,1863157,TCS
2019-05-22,1734.6719970703125,1768.1696454821993,1729.0473850947033,1758.2120397830477,2595795,TCS
2019-05-23,1711.5906982421875,1762.6705604080923,1708.2158895779096,1748.2131396753437,2541294,TCS
2019-05-24,1706.5489501953125,1724.8810189962387,1693.4248554855585,1724.8810189962387,2274208,TCS
2019-05-27,1712.5068359375,1724.0060837186393,1699.9660950291504,1712.215311442668,2329820,TCS
2019-05-28,1728.005615234375,1747.795914625245,1704.0489370243745,1716.548073481766,5872979,TCS
2019-05-29,1756.1708984375,1769.628224646418,1730.7976845787714,1733.2141036371165,3281320,TCS
2019-05-30,1788.4603271484375,1797.0014061850245,1761.8787005726572,1769.0449555779642,4971725,TCS
2019-05-31,1830.332275390625,1837.331711792312,1793.4181111926562,1799.8759996172087,4265370,TCS
2019-06-03,1868.4547119140625,1872.9126162050354,1821.2495070688542,1834.040374334433,3682419,TCS
2019-06-04,1833.845703125,1868.2024008558285,1827.0414666643107,1868.2024008558285,2408658,TCS
2019-06-06,1819.5654296875,1847.2019756668642,1807.721078506181,1847.2019756668642,3735467,TCS
2019-06-07,1832.7119140625,1839.4741097293224,1799.4052343710573,1826.2017651756046,2659446,TCS
2019-06-10,1874.5030517578125,1878.1572177143823,1835.8621642915973,1845.270339353761,2080593,TCS
2019-06-11,1892.3951416015625,1901.7612728903205,1874.0826835072544,1879.1227982992953,3048937,TCS
2019-06-12,1899.199462890625,1904.2395784505977,1864.0027379299456,1885.843238689828,2404448,TCS
2019-06-13,1893.4869384765625,1919.4434439347394,1884.204687370084,1901.8030446688185,3320916,TCS
2019-06-14,1893.8232421875,1901.0474891719703,1876.602848989521,1896.1332949335704,2131408,TCS
2019-06-17,1889.37158203125,1900.1238713027624,1882.8614317206413,1895.0837549332591,1489497,TCS
2019-06-18,1890.757568359375,1898.4436631038488,1874.2510656725058,1885.0033539845297,1877447,TCS
2019-06-19,1898.35888671875,1911.883274870227,1884.2885682415636,1894.2428755853962,1652817,TCS
2019-06-20,1913.5213623046875,1918.6035185959827,1858.1221467313105,1873.2424896974787,2199377,TCS
2019-06-21,1889.91748046875,1925.7442211319199,1883.3232470132016,1919.4440764608232,3871804,TCS
2019-06-24,1911.463623046875,1915.2437093152603,1890.715190545854,1893.529131718191,1382424,TCS
2019-06-25,1904.9957275390625,1910.5817736104266,1890.4633532581704,1906.8437289029314,1386077,TCS
2019-06-26,1893.5712890625,1904.15561329197,1890.043249346949,1902.6435376759289,1762224,TCS
2019-06-27,1892.185302734375,1901.8034816226618,1882.7350866706581,1894.2433087716884,2813464,TCS
2019-06-28,1870.890625,1900.081290698669,1866.9425759796181,1898.4432943594768,2372928,TCS
2019-07-01,1881.264892578125,1894.2431471819475,1853.5863031292097,1877.4427645018416,2769940,TCS
2019-07-02,1891.8074951171875,1895.9235075399458,1861.8606848526906,1885.759192258593,1771746,TCS
2019-07-03,1879.6685791015625,1897.4351053791695,1874.9225534165723,1891.8908975160625,1656881,TCS
2019-07-04,1883.8687744140625,1891.7230351232008,1873.3266986531207,1876.602691147971,984140,TCS
2019-07-05,1817.04541015625,1890.0429884319042,1797.6408867752332,1887.522931113995,4088470,TCS
2019-07-08,1827.3782958984375,1838.6346799871856,1791.0056164580594,1805.20186364576,2788062,TCS
2019-07-09,1792.054931640625,1826.5375536040513,1767.862339158672,1826.2016279779295,3977224,TCS
2019-07-10,1770.92822265625,1787.4347209934526,1739.93159995095,1747.2397250922302,6343581,TCS
2019-07-11,1766.18212890625,1788.40059219384,1752.3218143119811,1787.5605731275207,2400346,TCS
2019-07-12,1770.424560546875,1780.6307118663503,1758.2442820602316,1765.8044549140102,1560725,TCS
2019-07-15,1802.428955078125,1809.065229066489,1762.3600847306914,1785.0406005971017,2900415,TCS
2019-07-16,1773.21240234375,1795.5249040826434,1768.1605151575855,1790.0520262976318,2735399,TCS
2019-07-17,1782.684326171875,1789.2096791192512,1761.5085856060673,1774.896001686297,1802969,TCS
2019-07-18,1739.490966796875,1781.8005208264688,1734.4812199196633,1781.8005208264688,3072096,TCS
2019-07-19,1748.752685546875,1765.6344484963126,1736.5860992005937,1748.7948257161856,1953177,TCS
2019-07-22,1776.4959716796875,1782.8529705658668,1741.890669254664,1748.7948736714823,1920167,TCS
2019-07-23,1778.6431884765625,1793.4200000115572,1770.1812360965382,1791.651757223437,3538588,TCS
2019-07-24,1765.4661865234375,1785.6737349257007,1748.373927387494,1776.5802970323198,2413196,TCS
2019-07-25,1791.6514892578125,1797.6296372551337,1761.8875808960724,1775.653848457884,2544464,TCS
2019-07-26,1775.7802734375,1793.2513811972717,1763.9503979143083,1793.2513811972717,1720592,TCS
2019-07-29,1793.4200439453125,1803.523818840779,1770.9391859152647,1777.2540452249314,1647090,TCS
2019-07-30,1834.802734375,1839.7284052361479,1785.3784929302067,1793.4194522439336,2851672,TCS
2019-07-31,1857.158203125,1862.2100911720709,1807.8601544866299,1828.5729777043607,3000677,TCS
2019-08-01,1835.5614013671875,1867.093560406899,1823.9420181427035,1852.3588874386373,2375236,TCS
2019-08-02,1856.8211669921875,1860.7784374889638,1823.3102743811544,1829.6251333319087,2500816,TCS
2019-08-05,1893.27880859375,1896.3519574244654,1848.6538097066386,1852.2741640348365,3039682,TCS
2019-08-06,1864.904296875,1896.0997451143921,1861.9995025059043,1879.9758854637569,2885467,TCS
2019-08-07,1863.6829833984375,1884.7746505985742,1858.4627418064342,1877.6178114071122,2165362,TCS
2019-08-08,1901.2774658203125,1920.558749382918,1868.271644651991,1876.6914550394654,2073298,TCS
2019-08-09,1891.2999267578125,1909.5287342000154,1887.174301852368,1902.877166153659,1744550,TCS
2019-08-13,1851.8955078125,1891.300269054752,1847.5593868605401,1890.2477925555563,1647281,TCS
2019-08-14,1856.0631103515625,1867.387920936072,1824.9098087160505,1836.4451145818814,1945002,TCS
2019-08-16,1822.9732666015625,1887.2162567260389,1804.5758983029345,1887.2162567260389,3755507,TCS
2019-08-19,1821.2049560546875,1840.5705196188383,1816.7424155123329,1835.5186334716684,974884,TCS
2019-08-20,1841.202392578125,1856.5685495071525,1824.1522732459166,1828.7831698546645,1843611,TCS
2019-08-21,1840.7391357421875,1854.0424789286044,1837.413351336034,1839.686659312278,1214408,TCS
2019-08-22,1865.830078125,1882.374924165247,1827.0989483444268,1841.4126267415952,2131601,TCS
2019-08-23,1892.5206298828125,1902.7927568472228,1864.0616313118855,1864.945752463632,2826425,TCS
2019-08-26,1916.6019287109375,1921.4011806440024,1873.4082501897042,1891.931837382591,2345475,TCS
2019-08-27,1883.0906982421875,1915.3807551047692,1876.7758400991888,1911.297064614248,3432106,TCS
2019-08-28,1885.4061279296875,1896.2676016055168,1865.8300678763817,1886.0376137378587,1294621,TCS
2019-08-29,1880.52294921875,1892.9421724417386,1871.0506603198603,1871.0506603198603,1670652,TCS
2019-08-30,1902.54052734375,1907.929124021833,1867.5140322508498,1886.8795970577794,2583625,TCS
2019-09-03,1895.8048095703125,1933.3570449290987,1883.4696625808901,1911.2971802604789,2545060,TCS
2019-09-04,1890.58447265625,1911.2972920547847,1880.1439881754777,1907.0873861251487,2228092,TCS
2019-09-05,1865.2408447265625,1897.5306978344806,1858.5049956637206,1887.8900549756481,2055943,TCS
2019-09-06,1850.2535400390625,1880.5648608315112,1846.127914711477,1865.8301910018486,1890550,TCS
2019-09-09,1837.9183349609375,1854.7579552072782,1835.3502517610164,1852.3582270974664,1703945,TCS
2019-09-11,1813.6275634765625,1848.148793793433,1807.3548444459836,1840.5709627482663,2627440,TCS
2019-09-12,1796.4515380859375,1822.889670950265,1785.2952849034475,1814.469857227631,2118859,TCS
2019-09-13,1803.4818115234375,1816.9535123764792,1781.2535873406553,1797.6300825777657,2291174,TCS
2019-09-16,1810.259521484375,1829.9617987027834,1790.3886835819621,1818.637193041208,2597948,TCS
2019-09-17,1787.231201171875,1815.7744854196794,1772.875587051176,1814.4272333584638,2796530,TCS
2019-09-18,1800.618896484375,1804.323531457582,1779.2324511410457,1790.3887017939082,1454663,TCS
2019-09-19,1769.8021240234375,1798.3032663541728,1760.5824721325191,1797.629640364863,1652691,TCS
2019-09-20,1739.0699462890625,1792.914600373545,1731.9552465974623,1772.2860619478581,6941979,TCS
2019-09-23,1697.265380859375,1767.3181605957911,1662.9125141384886,1767.3181605957911,6323401,TCS
2019-09-24,1721.59912109375,1735.323457380941,1694.908355025635,1696.5923176237727,4620978,TCS
2019-09-25,1758.4354248046875,1761.4244988859978,1734.5232432777989,1738.6910086996106,4002232,TCS
2019-09-26,1757.719970703125,1774.0543231576892,1737.0071517201293,1766.3922122947429,4234281,TCS
2019-09-27,1731.2391357421875,1755.6987246900285,1727.2397260272626,1755.5303696038584,2046795,TCS
2019-09-30,1767.571044921875,1771.5283151599194,1734.4811450710238,1736.0388924017548,2620039,TCS
2019-10-01,1734.43896484375,1764.7502851255142,1717.3888471852579,1764.7502851255142,3342877,TCS
2019-10-03,1734.6917724609375,1752.2890973685653,1722.8198580617984,1742.9010891853611,2317618,TCS
2019-10-04,1750.773681640625,1758.0145965871227,1730.2292171268468,1734.9865342200137,2163251,TCS
2019-10-07,1724.125,1763.5297644234272,1718.4837666212534,1751.321036047137,2177916,TCS
2019-10-09,1700.8861083984375,1734.4811769944622,1697.0130156467662,1734.4811769944622,2066920,TCS
2019-10-10,1687.708984375,1716.8416128252966,1681.5204438110056,1707.5376805050578,2881452,TCS
2019-10-11,1672.8902587890625,1679.752425846823,1620.8137442381626,1625.8656312331907,12593069,TCS
2019-10-14,1701.643798828125,1711.5370767282886,1657.0188006401536,1679.7522902830824,3510704,TCS
2019-10-15,1715.3681640625,1723.5353397530746,1703.0751575776965,1710.9056230475073,2261310,TCS
2019-10-16,1723.0299072265625,1731.1129041215372,1697.4336647417408,1715.9572464006287,3034082,TCS
2019-10-17,1748.469970703125,1754.53944506947,1721.2221777224056,1733.8775477771896,3818774,TCS
2019-10-18,1771.1981201171875,1776.8369279034027,1743.3475213203992,1754.1089257729943,3087901,TCS
2019-10-22,1766.075927734375,1817.8168562602664,1756.304696364833,1790.698110831804,5552505,TCS
2019-10-23,1782.1748046875,1794.0123499309389,1767.0226627024235,1773.479505562481,2348134,TCS
2019-10-24,1792.4197998046875,1807.055312098962,1774.598953341931,1794.1416247804846,2798671,TCS
2019-10-25,1829.3958740234375,1833.7435239455892,1786.436426714344,1802.750675653551,3954245,TCS
2019-10-27,1821.4324951171875,1832.882673158159,1815.4922830681774,1832.882673158159,224405,TCS
2019-10-29,1889.5738525390625,1895.4709769534675,1826.4258376653179,1826.4258376653179,5064173,TCS
2019-10-30,1939.46337890625,1945.6619057728612,1874.07712813615,1915.5299736038126,5195136,TCS
2019-10-31,1953.9697265625,1967.1417281977356,1925.86102103526,1937.0528821320227,4879261,TCS
2019-11-01,1894.7823486328125,1958.5760527088196,1889.7030486575204,1949.106014651766,4172620,TCS
2019-11-04,1888.798828125,1919.1459919952802,1877.5638786128789,1900.0337776371211,2646411,TCS
2019-11-05,1895.60009765625,1903.4773622324444,1867.3190405618145,1891.4245883422345,2693475,TCS
2019-11-06,1884.10693359375,1903.3053236401515,1875.9282651591416,1894.0074269619604,2540719,TCS
2019-11-07,1881.39501953125,1897.8814081115881,1872.6566324583061,1897.8814081115881,1915598,TCS
2019-11-08,1833.7000732421875,1885.0536169802108,1828.5776872003692,1885.0536169802108,2788759,TCS
2019-11-11,1808.734130859375,1841.49189453571,1800.168093255806,1838.0482444290512,2983768,TCS
2019-11-13,1875.583984375,1880.0606871659313,1823.4126048097921,1823.4126048097921,3823365,TCS
2019-11-14,1891.252685546875,1894.0075636026434,1848.1208837749803,1883.2461569912648,2995915,TCS
2019-11-15,1872.0111083984375,1903.907957960588,1867.1039492774248,1890.5638144614295,2724180,TCS
2019-11-18,1853.200439453125,1883.46143151621,1849.8858420616873,1875.4118150991344,1611089,TCS
2019-11-19,1815.4920654296875,1854.9647718652682,1812.2205563553491,1853.544350514521,2975313,TCS
2019-11-20,1815.277099609375,1838.0481932691039,1803.1812369096665,1826.8132430720973,2894129,TCS
2019-11-21,1823.4986572265625,1830.8164127016587,1814.2867263050748,1818.2470074591927,2052574,TCS
2019-11-22,1783.5521240234375,1813.942372876762,1773.9099474668099,1805.3332491326862,3742049,TCS
2019-11-25,1791.9892578125,1794.9593637168853,1766.7644810873587,1786.0059583446541,2737010,TCS
2019-11-26,1761.986572265625,1806.1082323761339,1752.000008379656,1799.1780549644893,6561580,TCS
2019-11-27,1768.5728759765625,1783.5526718186313,1761.9008030256625,1766.5927348705131,2907521,TCS
2019-11-28,1788.4163818359375,1803.0947694821173,1773.4794682603685,1779.548942457899,2924429,TCS
2019-11-29,1767.6683349609375,1795.00230288253,1761.2545798003246,1795.00230288253,2064271,TCS
2019-12-02,1739.947021484375,1780.1085002575549,1735.5993718940338,1773.4795169155304,3809860,TCS
2019-12-03,1765.731689453125,1775.2017277680857,1730.4342739155443,1745.6723844401433,4664774,TCS
2019-12-04,1789.4063720703125,1792.419565383878,1760.9962636852654,1767.4531065000488,3334301,TCS
2019-12-05,1826.25341796875,1830.9884359141734,1780.6681508763672,1793.2804327847948,3902721,TCS
2019-12-06,1828.2337646484375,1832.0216953585923,1808.7770591862793,1828.5780455552865,1829461,TCS
2019-12-09,1773.8673095703125,1831.978909576853,1767.8840090878682,1831.978909576853,2244747,TCS
2019-12-10,1732.8878173828125,1774.2117251640266,1724.6230778633155,1773.479865417911,4520045,TCS
2019-12-11,1757.8974609375,1763.1490067850384,1727.6363619950566,1743.6924030215073,4943024,TCS
2019-12-12,1739.8177490234375,1793.8398926486661,1708.050063022445,1765.8173644491437,7137306,TCS
2019-12-13,1783.1649169921875,1788.4594445008431,1727.851291926769,1741.62589116485,5711133,TCS
2019-12-16,1830.9453125,1838.908751616316,1790.9559764877756,1804.472258140355,5574177,TCS
2019-12-17,1863.832275390625,1867.3190126792545,1824.2733922855418,1830.7302353445987,6059673,TCS
2019-12-18,1866.242919921875,1896.9774516326665,1853.544461580808,1871.6236226087676,8251081,TCS
2019-12-19,1919.01708984375,1925.4308460646325,1866.0709699989145,1876.6171483419914,6251505,TCS
2019-12-20,1913.722412109375,1934.212172716075,1901.110127399259,1911.225849802493,5548338,TCS
2019-12-23,1921.298095703125,1930.1224475030235,1902.6163392951985,1902.6163392951985,2247329,TCS
2019-12-24,1907.4375,1931.4999583131223,1903.6062718689097,1927.5827650566418,1805896,TCS
2019-12-26,1895.6864013671875,1918.9741285439586,1889.8752414893625,1908.1265460318584,1880367,TCS
2019-12-27,1892.7158203125,1916.7351910430841,1873.3452922447123,1900.8944877188992,2720261,TCS
2019-12-30,1879.5440673828125,1915.5302507596687,1874.2926274123035,1900.0338262591408,2288830,TCS
2019-12-31,1861.0343017578125,1891.4245516568574,1857.3754240406793,1884.5372524246065,1909289,TCS
2020-01-01,1866.1141357421875,1880.146842222534,1854.4056409366908,1866.4584166902255,1354908,TCS
2020-01-02,1857.5474853515625,1876.7458731803315,1850.2728178841435,1876.7458731803315,2380752,TCS
2020-01-03,1894.567138671875,1913.808618436803,1863.0147774616473,1863.0147774616473,4655761,TCS
2020-01-06,1894.39501953125,1916.3482900304587,1883.5905247586184,1898.3122137551102,3023209,TCS
2020-01-07,1899.0440673828125,1906.619929815024,1880.0609032697823,1894.4381010821942,2429317,TCS
2020-01-08,1941.572509765625,1945.6618432858052,1895.7720163763395,1898.3116656837171,5197454,TCS
2020-01-09,1906.3614501953125,1938.7316302093247,1902.6163971952303,1935.976752575916,3734173,TCS
2020-01-10,1905.673095703125,1923.2787160401563,1900.8949888167704,1918.113240527067,1915807,TCS
2020-01-13,1885.6998291015625,1910.3218011527208,1880.8355472356702,1909.3749234875156,2843893,TCS
2020-01-14,1899.947509765625,1919.662530025515,1889.702736180538,1889.702736180538,2948452,TCS
2020-01-15,1917.1656494140625,1920.6954741617005,1889.013857293431,1905.199051689755,2620681,TCS
2020-01-16,1927.4110107421875,1936.1922764956857,1906.9212505282098,1917.2091132065045,3117214,TCS
2020-01-17,1910.450439453125,1940.1088241402147,1905.1987907057799,1929.089105410744,3281059,TCS
2020-01-20,1868.481201171875,1930.337627352091,1856.299165320408,1889.6164311979296,5817599,TCS
2020-01-21,1869.084228515625,1882.42837300351,1857.8923653967538,1868.137140639768,1902980,TCS
2020-01-22,1899.947509765625,1902.6164223047788,1871.365259847378,1877.6499624645803,1773686,TCS
2020-01-23,1890.4991455078125,1913.6240322182728,1884.2433573289904,1906.7642790371378,2069866,TCS
2020-01-24,1883.98486328125,1890.499555204591,1872.42252275079,1890.499555204591,1319430,TCS
2020-01-27,1871.7750244140625,1892.656372435524,1868.1078381267466,1889.4206198290688,1549101,TCS
2020-01-28,1884.287109375,1887.7817652647198,1856.891063251288,1875.8741503291358,1743024,TCS
2020-01-29,1859.1346435546875,1887.0482844434262,1855.165368269788,1885.3657347299938,2306761,TCS
2020-01-30,1844.6815185546875,1868.108288812802,1833.5935860171842,1863.7939509633497,2098567,TCS
2020-01-31,1793.9443359375,1850.289613819428,1787.5160165637892,1846.0182520753233,3287223,TCS
2020-02-03,1814.1787109375,1893.7350431921934,1806.154001974521,1856.890647294887,4728073,TCS
2020-02-04,1818.7086181640625,1843.688585281471,1800.4590583652694,1837.0445489604028,3509339,TCS
2020-02-05,1852.1878662109375,1860.9458851420977,1815.7317223674086,1824.96436045121,2439322,TCS
2020-02-06,1836.4840087890625,1876.0463547017441,1825.3960778687367,1850.8506674679463,2640065,TCS
2020-02-07,1843.5592041015625,1856.027594671837,1828.4158405902476,1845.673186891241,2083442,TCS
2020-02-10,1865.475830078125,1869.8333518720383,1828.4157234041759,1847.3124321282573,2383032,TCS
2020-02-11,1858.0986328125,1876.5641221446606,1853.0941702653001,1866.3822443750944,1335820,TCS
2020-02-12,1873.069580078125,1885.3654416541303,1855.1650798885034,1856.1143183798254,1620407,TCS
2020-02-13,1891.3623046875,1895.7198275338772,1873.2852733618786,1874.9678227925779,1645948,TCS
2020-02-14,1884.6748046875,1908.6625589072266,1873.2849979148232,1887.9537427165515,1500115,TCS
2020-02-17,1901.1124267578125,1912.9768524325748,1889.8519660761176,1895.6763204982735,1774724,TCS
2020-02-18,1911.8978271484375,1916.4278795426737,1886.2707157360837,1898.2644844774088,2486223,TCS
2020-02-19,1895.1588134765625,1924.1942159233015,1890.1109551479785,1911.8983560233432,1760463,TCS
2020-02-20,1861.031982421875,1910.733005765989,1856.2430274240503,1902.190704918684,2317278,TCS
2020-02-24,1825.2664794921875,1880.1447149442315,1817.802550737264,1860.3419519753884,3092877,TCS
2020-02-25,1860.471435546875,1878.1602170120473,1821.5130572184623,1825.3959604669149,2674567,TCS
2020-02-26,1832.38525390625,1867.1586408194346,1823.1955899052696,1858.6163380149562,2686842,TCS
2020-02-27,1816.767333984375,1829.2357259419773,1800.1139508187418,1829.2357259419773,2349001,TCS
2020-02-28,1725.8641357421875,1785.7039648637196,1717.1060111518734,1784.4096638502886,4298076,TCS
2020-03-02,1726.856689453125,1772.2865769478046,1713.3958728156638,1755.935280716575,2667076,TCS
2020-03-03,1756.970703125,1777.5069910764335,1736.0893524494097,1742.9922922205803,2757585,TCS
2020-03-04,1797.525390625,1807.2326492264394,1747.306548259086,1774.0554386274966,3237002,TCS
2020-03-05,1833.6361083984375,1853.2231530191443,1798.2585508271259,1799.6821975381758,3937056,TCS
2020-03-06,1826.2159423828125,1832.4285464688082,1787.5164600452229,1810.29607858088,2595027,TCS
2020-03-09,1701.8759765625,1794.6772739467544,1669.647910062274,1790.4493092399061,4940975,TCS
2020-03-11,1685.7841796875,1714.7766117295266,1656.7055872927408,1667.922864706702,6796449,TCS
2020-03-12,1527.1456298828125,1646.6959333021023,1517.2226561924363,1642.8992962153409,8728786,TCS
2020-03-13,1558.5972900390625,1570.4185302499593,1299.521375914035,1456.4337777742871,8029720,TCS
2020-03-16,1463.768310546875,1589.6175025323976,1446.0363429555694,1514.3323202303477,7844271,TCS
2020-03-17,1430.6341552734375,1493.6234757408445,1400.5632473218768,1492.7606083371813,5713248,TCS
2020-03-18,1427.52783203125,1478.5664592497835,1404.532395006362,1446.8560826461996,7258778,TCS
2020-03-19,1422.2691650390625,1464.9454765384066,1344.3913978343421,1355.6471295025776,5135111,TCS
2020-03-20,1562.292724609375,1624.4820059614078,1414.1424417866294,1416.7499570449945,8547498,TCS
2020-03-23,1451.25634765625,1521.0508969686175,1406.1029077548465,1408.0585446223774,7003490,TCS
2020-03-24,1480.3302001953125,1538.4343227468346,1419.227370812281,1436.7847075341913,6350865,TCS
2020-03-25,1521.3116455078125,1573.2011664015754,1460.2088174335065,1477.5922557362862,2765520,TCS
2020-03-26,1556.643310546875,1592.3663591097686,1497.1920398088018,1591.9751681101268,4556067,TCS
2020-03-27,1585.803955078125,1607.9678360616779,1521.398345675345,1581.8926819633803,4331250,TCS
2020-03-30,1545.822021484375,1655.7722524193052,1532.8279457230028,1534.957374158789,8513547,TCS
2020-03-31,1587.1947021484375,1612.3137899613828,1547.1259008793863,1597.0163865434904,3927593,TCS
2020-04-01,1485.1973876953125,1594.7130399847692,1479.3304777512344,1587.020890389216,4941878,TCS
2020-04-03,1437.783935546875,1512.358917722895,1434.133456461366,1512.358917722895,5735369,TCS
2020-04-07,1542.953857421875,1552.2105590348212,1481.938034736679,1486.2838940760826,5427577,TCS
2020-04-08,1482.3291015625,1569.7243742522928,1478.4613292376248,1529.7424688172953,6285615,TCS
2020-04-09,1535.087890625,1546.082935794269,1504.710270678281,1521.4418288619268,5307397,TCS
2020-04-13,1529.0906982421875,1553.210218990359,1517.5741703173849,1530.6117491001803,2990438,TCS
2020-04-15,1508.1436767578125,1574.9395175255652,1501.7552843719732,1551.4718757081314,4761399,TCS
2020-04-16,1491.5423583984375,1534.0013809909965,1455.9063134380372,1486.2403253657312,6245533,TCS
2020-04-17,1569.8984375,1609.6630568429614,1523.6585291412298,1564.5096134935616,9895823,TCS
2020-04-20,1580.719482421875,1590.5845621749102,1566.6823351476917,1590.5845621749102,3244282,TCS
2020-04-21,1510.31689453125,1559.8162023257619,1501.6685686265175,1534.0887298330033,5122541,TCS
2020-04-22,1537.999267578125,1555.817286784314,1494.2364952843989,1510.3161711533987,3829836,TCS
2020-04-23,1632.5223388671875,1651.4268302130474,1530.4815229803191,1547.1261883048548,5934366,TCS
2020-04-24,1580.6324462890625,1609.6627000241397,1571.2888492796994,1599.8845171073644,2987102,TCS
2020-04-27,1596.321044921875,1629.6972661526988,1586.2386723886268,1592.5836695182143,3374741,TCS
2020-04-28,1615.8341064453125,1623.6131527187852,1592.844445414054,1621.005636948894,2678505,TCS
2020-04-29,1656.337646484375,1662.3349545169383,1608.011704403317,1628.8283314068176,4241510,TCS
2020-04-30,1750.9029541015625,1766.1569604470242,1688.1052964281878,1720.9600303568445,5915544,TCS
2020-05-04,1677.892822265625,1708.7919252046543,1663.2907982637025,1708.7919252046543,3729348,TCS
2020-05-05,1679.8919677734375,1718.35282384586,1674.8942294137441,1699.3179382645765,2905528,TCS
2020-05-06,1654.555419921875,1698.1009059519174,1645.8637019078915,1686.019502792539,3517431,TCS
2020-05-07,1644.1689453125,1681.3694366976029,1636.9547765436193,1660.118227482169,3166754,TCS
2020-05-08,1645.6898193359375,1685.758615953224,1639.4752200782516,1685.4109260318023,2686530,TCS
2020-05-11,1682.1085205078125,1696.102167709688,1659.2492557388434,1659.2492557388434,2449841,TCS
2020-05-12,1694.450439453125,1700.534642108253,1660.335445994015,1680.4567945663457,3256595,TCS
2020-05-13,1694.5811767578125,1733.1289329584079,1673.721049179577,1733.1289329584079,2656665,TCS
2020-05-14,1653.468994140625,1671.504309444714,1643.6908111444325,1660.1181797980512,2263146,TCS
2020-05-15,1645.2552490234375,1666.5499571861421,1621.1791275631138,1665.3330954996882,3173682,TCS
2020-05-18,1691.060791015625,1697.4491831230816,1627.1766577408926,1657.510777617891,3727694,TCS
2020-05-19,1693.7115478515625,1709.18274130493,1654.0338363378944,1654.0338363378944,3198693,TCS
2020-05-20,1698.01416015625,1706.0975010641368,1678.9792748022548,1694.8851626145165,2778505,TCS
2020-05-21,1730.6949462890625,1736.6053573125403,1687.192958831246,1691.408421086188,3400908,TCS
2020-05-22,1756.0308837890625,1766.156754512058,1704.6628616076641,1718.4392107415001,3663418,TCS
2020-05-26,1688.8009033203125,1759.203823119049,1673.1558100317043,1751.381276474745,4575317,TCS
2020-05-27,1742.9503173828125,1747.0353825537281,1687.2798190957337,1702.7076191157978,3482160,TCS
2020-05-28,1742.0810546875,1750.511978579258,1713.3983857236888,1728.3480980163133,3475681,TCS
2020-05-29,1714.3106689453125,1740.6466121696824,1705.6624535370086,1722.6981965207347,7237735,TCS
2020-06-01,1777.673583984375,1790.4938677461496,1721.916193047897,1729.651843113999,3747773,TCS
2020-06-02,1779.3253173828125,1808.7467656570238,1773.1542179703627,1790.667947279619,2443886,TCS
2020-06-03,1783.6837158203125,1799.0260853811474,1760.8880399611958,1788.6526221564861,3699799,TCS
2020-06-04,1823.26025390625,1830.6263028935837,1784.2068502130678,1784.2068502130678,4048593,TCS
2020-06-05,1785.5145263671875,1828.8829372968924,1778.5843404517511,1823.303970568174,3573289,TCS
2020-06-08,1805.999755859375,1826.2674012430991,1797.5876784963345,1811.665979299986,2957841,TCS
2020-06-09,1806.26171875,1826.7036714587532,1795.9752990326397,1798.4598057626267,2909439,TCS
2020-06-10,1838.25390625,1858.5215545346769,1807.525536270006,1810.6202090029894,5168397,TCS
2020-06-11,1802.4256591796875,1834.984737151341,1797.3261855855103,1830.6261035714092,2269513,TCS
2020-06-12,1777.886962890625,1786.342671019653,1753.042746934566,1753.2170497449072,2842642,TCS
2020-06-15,1769.5181884765625,1794.8854161548834,1744.281634683936,1777.5380321811451,2399022,TCS
2020-06-16,1783.378662109375,1807.917685465574,1770.4770633957696,1800.1157734673875,2146528,TCS
2020-06-17,1785.122314453125,1794.7549388639754,1766.598118595313,1783.553163533322,2703527,TCS
2020-06-18,1776.66650390625,1795.059919492253,1765.421206055025,1782.6814405626696,1944389,TCS
2020-06-19,1782.3323974609375,1821.9088110992639,1771.3486622744997,1780.0659293132521,5681758,TCS
2020-06-22,1767.8182373046875,1789.001240100654,1760.1471056771952,1787.039854894063,3196138,TCS
2020-06-23,1774.225830078125,1781.8098116627796,1752.171096595982,1766.9904541293806,4205944,TCS
2020-06-24,1780.240478515625,1799.4620975615703,1771.000195457869,1773.092361119164,2560937,TCS
2020-06-25,1757.488525390625,1795.757356354556,1751.5172175997045,1773.9641845541364,3043931,TCS
2020-06-26,1847.0582275390625,1858.52134866416,1760.8443280891452,1765.2465905463998,6300722,TCS
2020-06-29,1832.0643310546875,1854.6858091433617,1823.0420874181657,1837.599880720574,3076341,TCS
2020-06-30,1815.0657958984375,1840.9996671183703,1808.8766635705517,1830.626203759964,3071725,TCS
2020-07-01,1823.69580078125,1842.7865294969363,1812.7555886384898,1812.9298914056317,2503466,TCS
2020-07-02,1880.4456787109375,1887.2888203021248,1828.883115470604,1832.3700232217395,3758699,TCS
2020-07-03,1917.4940185546875,1922.1578426676122,1883.1480633209565,1886.1118496948081,4185208,TCS
2020-07-06,1972.8916015625,1978.7321272266274,1922.157155929941,1922.157155929941,5190366,TCS
2020-07-07,1978.7327880859375,2007.3254727237122,1945.8250978952303,1983.1786803671089,5630055,TCS
2020-07-08,1934.27490234375,1982.6557495224288,1924.424557771951,1978.8202359567697,2793358,TCS
2020-07-09,1921.5916748046875,1956.5914319530652,1909.9976620705968,1943.0796622068979,3443998,TCS
2020-07-10,1937.281982421875,1961.2544674829765,1896.877363380237,1922.375370217954,9610320,TCS
2020-07-13,1935.233642578125,1956.98318532069,1926.5163739178631,1935.233642578125,2963503,TCS
2020-07-14,1893.3470458984375,1951.7963724161048,1887.288586994581,1926.5162943455077,2976738,TCS
2020-07-15,1947.3499755859375,1970.1021250803547,1901.322981152897,1904.7226297790155,5569321,TCS
2020-07-16,1952.461669921875,2038.300962491435,1939.6623085641077,1960.543231817737,8582118,TCS
2020-07-17,1922.756103515625,1960.455405161677,1913.4077466268182,1954.427083296355,4509135,TCS
2020-07-20,1929.0029296875,1945.6028922243688,1914.0630913851148,1922.9746075604314,2952646,TCS
2020-07-21,1943.9866943359375,1955.8686447186794,1923.1055609956898,1948.311378727107,2665286,TCS
2020-07-22,1914.19384765625,1949.184860127404,1908.29649319374,1949.184860127404,2861534,TCS
2020-07-23,1896.9385986328125,1914.1938207061075,1889.7744478246668,1914.1938207061075,2265766,TCS
2020-07-24,1884.8822021484375,1889.7749085915461,1856.662433100428,1882.3486086733637,3665100,TCS
2020-07-27,1928.042236328125,1935.2063888772418,1890.2117482329177,1891.52227174683,4248480,TCS
2020-07-28,2017.9876708984375,2026.942914377909,1935.2062738564948,1935.2062738564948,8092319,TCS
2020-07-29,1988.5439453125,2046.1632301625893,1962.3334854897514,2002.4791304580078,6090431,TCS
2020-07-30,1991.5592041015625,2060.1432784696135,1985.225006150373,1997.1506866275754,7098496,TCS
2020-07-31,1993.2183837890625,2039.873138863058,1972.2937388298033,2012.2209706669155,4723290,TCS
2020-08-03,1969.4105224609375,2012.8326957223655,1948.9227188143975,2001.125226994839,4012337,TCS
2020-08-04,1965.5225830078125,1982.9524982895362,1943.9864045052793,1974.4778245569514,2927928,TCS
2020-08-05,1974.0849609375,2009.4690905759016,1968.4060265510898,1974.5218020441469,3800641,TCS
2020-08-06,2016.546875,2026.5067712237114,1979.1969442089617,1987.6278958973674,4748047,TCS
2020-08-07,2005.40673828125,2033.9323798516743,1998.111405807895,2016.4587339766601,3165491,TCS
2020-08-10,1994.44189453125,2031.3112430348858,1988.5445393095358,2025.1954672494044,2929353,TCS
2020-08-11,1991.9080810546875,2019.953366664989,1988.1514180120762,1994.616581356475,2774423,TCS
2020-08-12,1972.2066650390625,2006.3237854419292,1962.7708543051888,1999.290814139235,3415751,TCS
2020-08-13,1969.6728515625,2009.4691196133688,1966.2218494303854,1985.8796995135597,2695682,TCS
2020-08-14,1958.9268798828125,1993.1316733354822,1951.0202249167453,1989.3747964088247,2270405,TCS
2020-08-17,1968.75537109375,1983.258580838026,1955.5191711721197,1977.1428054786138,2625630,TCS
2020-08-18,1983.0404052734375,1999.8587895895575,1964.2999625528864,1976.96835593386,3493374,TCS
2020-08-19,1971.5516357421875,1996.0147410385653,1967.969452860392,1988.806861799454,2843005,TCS
2020-08-20,1968.275390625,1988.9816199028137,1957.0922137534417,1971.9010870995226,2895164,TCS
2020-08-21,1964.562255859375,1984.1326555606536,1957.9659113279085,1974.5221495231515,1975294,TCS
2020-08-24,1964.125244140625,1974.4782513104003,1948.311509349583,1966.3094498685953,2167966,TCS
2020-08-25,1959.36328125,1965.7849306774062,1951.412901288939,1961.4165197203451,1663419,TCS
2020-08-26,1968.843017578125,1974.4344988484486,1936.4730464504648,1958.795671360176,2618149,TCS
2020-08-27,1964.3868408203125,1998.4169308587875,1958.5769399022483,1979.7637318249112,3579393,TCS
2020-08-28,1955.781494140625,1991.9518549085346,1952.7673329601885,1981.8607819989552,2941136,TCS
2020-08-31,1972.1192626953125,1988.6754987051431,1946.564056832498,1957.0482438531399,6018154,TCS
2020-09-01,1962.59619140625,1990.248149069943,1958.1840534199073,1982.3850088848556,3610908,TCS
2020-09-02,1979.021484375,1982.1668261469483,1958.489949206095,1963.164235086366,2084137,TCS
2020-09-03,2009.0323486328125,2030.4375639150494,1981.5113575556506,1981.5113575556506,4654146,TCS
2020-09-04,1999.6839599609375,2030.6559528076225,1977.0991886642516,1987.6271023501522,5231303,TCS
2020-09-07,2033.102783203125,2047.4748168119152,1994.9229028872196,1999.8591233976847,4620401,TCS
2020-09-08,2051.580322265625,2088.4933920288986,2033.102030651394,2040.8777162395872,7453998,TCS
2020-09-09,2033.6263427734375,2061.016365808291,2026.942759082338,2031.31117020105,3866535,TCS
2020-09-10,2036.6842041015625,2051.8426758071255,2030.699608927457,2040.0479659398075,2308813,TCS
2020-09-11,2074.208740234375,2081.9844255337703,2035.8102416444497,2036.509229978408,4145424,TCS
2020-09-14,2176.692138671875,2189.2295658140006,2080.9804071140484,2082.946192417084,7512131,TCS
2020-09-15,2176.692138671875,2217.4058218241776,2153.277622147914,2176.692138671875,7318770,TCS
2020-09-16,2186.826416015625,2190.84543921616,2164.3728274766845,2174.5511391783684,3074003,TCS
2020-09-17,2150.088623046875,2180.492812709975,2141.0461383415072,2166.7323151440405,4828176,TCS
2020-09-18,2140.433837890625,2184.5547869588167,2128.6391287337815,2171.100167018941,4183256,TCS
2020-09-21,2153.888916015625,2188.486605495123,2142.399866327681,2153.6267686776287,4598809,TCS
2020-09-22,2204.2568359375,2232.2583978347984,2147.51121012835,2171.100633510557,7499613,TCS
2020-09-23,2155.767333984375,2201.548414177455,2104.700646552897,2192.9425582597637,7502280,TCS
2020-09-24,2037.64501953125,2140.52108386818,2011.740431326585,2140.52108386818,8424708,TCS
2020-09-25,2116.3203125,2131.7844438793554,2054.987868291273,2068.879329141932,8228267,TCS
2020-09-28,2119.815673828125,2135.2798098232815,2067.1325818501978,2131.785080183636,4347166,TCS
2020-09-29,2174.07080078125,2193.8598314988276,2119.8152616559064,2127.285287468467,6995811,TCS
2020-09-30,2177.478271484375,2188.5739931807548,2149.2582927044537,2174.5950774558473,3917166,TCS
2020-10-01,2204.693359375,2219.152842802343,2177.4782434934455,2192.942376155071,2610337,TCS
2020-10-05,2364.009765625,2383.492924857861,2274.2389033903096,2289.047776689921,17412105,TCS
2020-10-06,2371.43603515625,2390.3948994101606,2315.3456711856247,2390.3948994101606,9846367,TCS
2020-10-07,2390.35107421875,2420.099999544905,2361.563284754469,2395.6368948563645,9656101,TCS
2020-10-08,2468.76416015625,2520.5735658865633,2446.3105665450184,2446.3105665450184,19839329,TCS
2020-10-09,2457.62451171875,2472.38987014055,2428.836723430444,2455.047191668902,7739245,TCS
2020-10-12,2472.520751953125,2493.489125821279,2446.9655463013128,2459.8523594077824,4623203,TCS
2020-10-13,2469.506591796875,2494.275355457132,2456.96916626297,2485.625986553803,4209878,TCS
2020-10-14,2465.1640625,2493.5919782567476,2445.817185343778,2493.5919782567476,4395936,TCS
2020-10-15,2404.622314453125,2481.0882680438763,2392.689490568703,2466.3916970988726,6629355,TCS
2020-10-16,2424.53955078125,2431.8657729555116,2396.462518155747,2412.9578176653818,5273773,TCS
2020-10-19,2379.133544921875,2433.9275819251575,2374.7904221077406,2433.9275819251575,3331194,TCS
2020-10-20,2403.21875,2421.556478070708,2384.749282299319,2390.935047006207,3406273,TCS
2020-10-21,2347.41552734375,2411.9927936809972,2336.5796751492417,2403.218720222718,4570143,TCS
2020-10-22,2343.6865234375,2357.2863371661892,2314.6883823072058,2334.7809246478623,5262294,TCS
2020-10-23,2357.417724609375,2370.7542713023095,2342.7650671070573,2358.2951318156306,3499091,TCS
2020-10-26,2358.646240234375,2377.7298488412175,2343.116174003373,2360.181702995845,2672752,TCS
2020-10-27,2307.71240234375,2384.92423396798,2302.4042602881736,2368.78002758539,3537502,TCS
2020-10-28,2300.7373046875,2330.3498001032294,2286.523349730102,2325.129269679497,3569445,TCS
2020-10-29,2309.906494140625,2329.5166351148914,2281.4785802099796,2288.278487525287,3105968,TCS
2020-10-30,2338.158935546875,2346.4943049198955,2300.2110697170697,2312.9334756022067,3427003,TCS
2020-11-02,2285.29443359375,2338.158207095073,2281.3021887693526,2333.9026973198147,2571196,TCS
2020-11-03,2310.740234375,2338.290741289744,2282.180580415025,2284.768889425326,2879269,TCS
2020-11-04,2327.893310546875,2388.1713690764577,2290.0332676868647,2290.0332676868647,4893928,TCS
2020-11-05,2356.452392578125,2377.773429641783,2340.044921348574,2355.8382504015453,2816502,TCS
2020-11-06,2375.5361328125,2380.625137526077,2352.5920197144133,2368.1220846523106,3884421,TCS
2020-11-09,2392.3388671875,2407.6056687613727,2364.700536806311,2396.2872000990988,3646592,TCS
2020-11-10,2324.7783203125,2380.5373793223025,2314.907488813569,2366.54277661708,4760020,TCS
2020-11-11,2358.294677734375,2362.6817129209444,2319.3376767512173,2340.8780623594134,3242441,TCS
2020-11-12,2343.598388671875,2380.405575423918,2335.4384594119474,2356.7155825980994,2437505,TCS
2020-11-13,2331.139892578125,2338.2028506467973,2312.845862947507,2330.174658771943,2548093,TCS
2020-11-14,2342.984375,2359.3479334057065,2333.9470381027836,2349.652541116131,298819,TCS
2020-11-17,2339.2119140625,2364.6128140653127,2325.1733964279747,2364.6128140653127,2827273,TCS
2020-11-18,2304.64208984375,2337.5887809607375,2287.4450331189173,2334.7811200883966,2893762,TCS
2020-11-19,2313.63525390625,2348.07349088108,2308.3271110405285,2313.723080321704,4167501,TCS
2020-11-20,2334.123046875,2347.9422134902734,2305.4318676016383,2329.5166580032424,2711471,TCS
2020-11-23,2390.27685546875,2395.3219474826788,2338.2904725426147,2360.22565521187,3706418,TCS
2020-11-24,2388.34619140625,2406.7278284790273,2373.38635655697,2399.18204125448,3120516,TCS
2020-11-25,2370.140380859375,2397.9102362028125,2358.6462595522107,2394.444520212119,3302249,TCS
2020-11-26,2387.07421875,2396.155255142034,2351.4513991825606,2356.7158426135666,2341099,TCS
2020-11-27,2351.144775390625,2384.530171530381,2341.844384995831,2373.3871398159195,6086808,TCS
2020-12-01,2392.513916015625,2400.4981927429167,2302.7112064061052,2350.5738104121124,3605017,TCS
2020-12-02,2412.47509765625,2416.9936592168783,2371.1491313435768,2385.6702638757392,2509032,TCS
2020-12-03,2377.29150390625,2433.8403695835077,2369.702015367249,2433.8403695835077,2852548,TCS
2020-12-04,2393.172607421875,2403.0873539284025,2368.122583197615,2378.476033406106,2686527,TCS
2020-12-07,2402.077880859375,2407.605589596008,2374.3956381805774,2382.1607783357003,1996400,TCS
2020-12-08,2454.371337890625,2461.6099476872682,2397.471392168468,2404.095859733607,4277818,TCS
2020-12-09,2466.216064453125,2491.8363104365944,2450.729699701614,2469.90113164754,3659996,TCS
2020-12-10,2442.96484375,2480.693352329908,2439.411301843931,2472.5334227483854,2127801,TCS
2020-12-11,2442.35107421875,2463.4964618669114,2425.6364221182325,2450.3353522146563,1795408,TCS
2020-12-14,2454.72216796875,2460.2498763676463,2418.3536810764354,2458.495061905187,2483658,TCS
2020-12-15,2423.004638671875,2452.0906105826543,2417.2575769082077,2444.4572084451056,2365509,TCS
2020-12-16,2469.2001953125,2474.113763099616,2422.0395412009184,2438.3154935085677,2565149,TCS
2020-12-17,2490.257568359375,2503.8573826690163,2461.1276863576554,2466.3921306065486,2863460,TCS
2020-12-18,2510.26220703125,2542.7262761190364,2497.2765365539835,2516.40405793975,6076692,TCS
2020-12-21,2474.419921875,2532.6359774550715,2443.5791433266495,2510.262093018867,2705195,TCS
2020-12-22,2520.35205078125,2530.135054867614,2473.103589836881,2486.571875339969,2881737,TCS
2020-12-23,2552.15869140625,2561.1521169625594,2514.166909384758,2523.4675132053526,2790988,TCS
2020-12-24,2552.684814453125,2563.213701230318,2529.740486824709,2552.3776362378235,1807144,TCS
2020-12-28,2570.277099609375,2588.08851230934,2546.23622302256,2553.255482079824,2108994,TCS
2020-12-29,2571.2421875,2590.1064451458797,2562.029410510152,2562.029410510152,1994151,TCS
2020-12-30,2552.6416015625,2586.333962808662,2546.236484173657,2574.6644005869307,2637968,TCS
